S.NO,Protein Name,Ligands,motion_type,Free PDB,Free Chains,Bound PDB,Bound Chains,,PSCDB:,a database for protein structural change upon ligand binding ,,,,,
1,HYPOTHETICAL OXIDOREDUCTASE YIAK,"2xNAD,2xTLA",Coupled Domain Motion,1nxu,AB,1s20,AB,,,,,,,,
2,ADENYLATE KINASE,"ADP,AMP",Coupled Domain Motion,4ake,A,2eck,A,,,,,,,,
3,GLUCOKINASE,2xBGC,Coupled Domain Motion,1q18,AB,1sz2,AB,,,,,,,,
4,LACTOFERRIN,"2xCU,2xNAG",Coupled Domain Motion,1lfh,A,1lfi,A,,,,,,,,
5,ELONGATION FACTOR 2,SO1,Coupled Domain Motion,1n0v,D,1n0u,A,,,,,,,,
6,CITRATE SYNTHASE,2xCIC,Coupled Domain Motion,5csc,AB,6cts,AA,,,,,,,,
7,ARACHIDONATE 15-LIPOXYGENASE,RS7,Coupled Domain Motion,2p0m,A,2p0m,B,,,,,,,,
8,SUCROSE HYDROLASE,SUC,Coupled Domain Motion,3cze,A,3czk,A,,,,,,,,
9,3-PHOSPHOSHIKIMATE 1-CARBOXYVINYLTRANSFERASE,S3P,Coupled Domain Motion,2bjb,A,2o0d,A,,,,,,,,
10,"ALPHA-2,3/2,6-SIALYLTRANSFERASE/SIALIDASE","CSF,LBT",Coupled Domain Motion,2ex0,B,2ihz,A,,,,,,,,
11,PHOSPHOENOLPYRUVATE CARBOXYKINASE,"ATP,MG",Coupled Domain Motion,1oen,A,2olr,A,,,,,,,,
12,INOSINE TRIPHOSPHATE PYROPHOSPHATASE,2xITT,Coupled Domain Motion,2car,AB,2j4e,AB,,,,,,,,
13,OROTATE PHOSPHORIBOSYLTRANSFERASE 1,2xOMP,Coupled Domain Motion,2pry,AA,2prz,CD,,,,,,,,
14,TRYPTOPHAN-TRNA LIGASE,2xATP,Coupled Domain Motion,1d2r,AD,1m83,AA,,,,,,,,
15,3-PHOSPHOSHIKIMATE 1-CARBOXYVINYLTRANSFERASE,RC1,Coupled Domain Motion,2gg4,A,2pqc,A,,,,,,,,
16,DIAMINOPIMELATE EPIMERASE,ZDP,Coupled Domain Motion,1gqz,A,2gke,A,,,,,,,,
17,PHOSPHATE ACETYLTRANSFERASE,3xCOA,Coupled Domain Motion,1qzt,AB,2af3,CD,,,,,,,,
18,PEROXISOMAL HYDRATASE-DEHYDROGENASE-EPIMERASE,2xHDC,Coupled Domain Motion,1pn2,AB,1pn4,AB,,,,,,,,
19,SUCCINYL-COA:3-KETOACID-COENZYME A TRANSFERASE 1,EMT,Coupled Domain Motion,2nrb,AB,1o9l,AB,,,,,,,,
20,BISPHOSPHOGLYCERATE MUTASE,2xDG2,Coupled Domain Motion,1t8p,AB,2h4z,AB,,,,,,,,
21,3-DEOXY-MANNO-OCTULOSONATE CYTIDYLYLTRANSFERASE,CMK,Coupled Domain Motion,1vh3,C,1vh3,B,,,,,,,,
22,FOLYLPOLYGLUTAMATE SYNTHASE,"ACQ,TMF",Coupled Domain Motion,2gca,A,1jbw,A,,,,,,,,
23,14-3-3 PROTEIN SIGMA,"PEPT(MARSHYPA),CA",Coupled Domain Motion,1yz5,AB,1ywt,AB,,,,,,,,
24,THREONYL-TRNA SYNTHETASE,2xA3S,Coupled Domain Motion,1y2q,AA,2hl0,AA,,,,,,,,
25,HEXOKINASE,2xGLC,Coupled Domain Motion,2e2n,AB,2e2o,AA,,,,,,,,
26,ISOCITRATE DEHYDROGENASE,2xICT,Coupled Domain Motion,1sjs,AA,1pb1,AA,,,,,,,,
27,CROTONOBETAINYL-COA:CARNITINE COA-TRANSFERASE,2xCOA,Coupled Domain Motion,1xk7,BC,1xvt,AA,,,,,,,,
28,FARNESYL DIPHOSPHATE SYNTHASE,"2xIPE,4xMG,2xZOL",Coupled Domain Motion,2f7m,FF,2f8z,FF,,,,,,,,
29,PROGRAMMED CELL DEATH PROTEIN 6,"12P,2PE,6xCA",Coupled Domain Motion,2znd,AA,2zn9,AB,,,,,,,,
30,TYPE 2 MALATE/LACTATE DEHYDROGENASE,2xNAD,Coupled Domain Motion,1x0a,AA,1vbi,AA,,,,,,,,
31,5'-NUCLEOTIDASE,"ADN,2xMN",Coupled Domain Motion,1oid,B,1ho5,A,,,,,,,,
32,UROPORPHYRINOGEN-III SYNTHASE,UP3,Coupled Domain Motion,3d8r,A,3d8n,A,,,,,,,,
33,CHITIN OLIGOSACCHARIDE BINDING PROTEIN,"CBS,MN",Coupled Domain Motion,1zty,A,1zu0,A,,,,,,,,
34,LEU/ILE/VAL-BINDING PROTEIN,ILE,Coupled Domain Motion,1z15,A,1z17,A,,,,,,,,
35,LACTOFERRIN,FE,Coupled Domain Motion,1l5t,A,1lct,A,,,,,,,,
36,"MALTOSE ABC TRANSPORTER, PERIPLASMIC MALTOSE- BINDING PROTEIN",MLR,Coupled Domain Motion,2ghb,A,2gha,A,,,,,,,,
37,ABC TYPE PERIPLASMIC SUGAR-BINDING PROTEIN,UNG,Coupled Domain Motion,2uvg,A,2uvi,A,,,,,,,,
38,BIOTIN CARBOXYLASE,"AP2,MG",Coupled Domain Motion,2c00,A,2vqd,A,,,,,,,,
39,MALTOSE-BINDING PERIPLASMIC PROTEIN,MAL,Coupled Domain Motion,1zkb,A,1jvy,A,,,,,,,,
40,GUANYLATE KINASE,5GP,Coupled Domain Motion,1ex6,B,1gky,A,,,,,,,,
41,"SUGAR ABC TRANSPORTER, PERIPLASMIC SUGAR-BINDING PROTEIN",XYP,Coupled Domain Motion,3c6q,B,3c6q,D,,,,,,,,
42,TAGATOSE-6-PHOSPHATE KINASE,"2xANP,2xMG,TA6",Coupled Domain Motion,2q5r,AB,2jg1,BC,,,,,,,,
43,ADENOSINE KINASE,"ACP,ADN",Coupled Domain Motion,1lio,A,1lii,A,,,,,,,,
44,ALDOSE REDUCTASE,"FID,NAP",Coupled Domain Motion,1xgd,A,1ef3,B,,,,,,,,
45,HYALURONATE LYASE,"DGC,NG6",Coupled Domain Motion,2brw,A,1ojp,A,,,,,,,,
46,DNA BETA-GLUCOSYLTRANSFERASE,UDP,Coupled Domain Motion,1jej,A,1qkj,A,,,,,,,,
47,L-RHAMNULOSE KINASE,"ADP,LRH",Coupled Domain Motion,2cgk,B,2uyt,A,,,,,,,,
48,PHOSPHORIBOSYLAMINOIMIDAZOLE-SUCCINOCARBOXAMIDE SYNTHASE,"2xADP,2xAMZ,2xSIN",Coupled Domain Motion,1a48,A,2cnq,A,,,,,,,,
49,"SACCHAROPINE DEHYDROGENASE, NAD+, L-LYSINE- FORMING",OGA,Coupled Domain Motion,2qrj,A,2qrl,A,,,,,,,,
50,"CAMP AND CAMP-INHIBITED CGMP 3',5'-CYCLIC PHOSPHODIESTERASE 10A","2x35G,MG",Coupled Domain Motion,2ous,B,2ouu,A,,,,,,,,
51,HOMOSERINE KINASE,"2xANP,2xHSE",Coupled Domain Motion,1fwl,AB,1h72,CC,,,,,,,,
52,FARNESYL PYROPHOSPHATE SYNTHASE,"2xAHD,2xIPR,5xMG",Coupled Domain Motion,1yhk,AA,1yhm,AB,,,,,,,,
53,FK506 BINDING PROTEIN,1,Coupled Domain Motion,1eym,A,1j4r,A,,,,,,,,
54,PHOSPHORIBOSYLGLYCINAMIDE FORMYLTRANSFERASE,"GAR,KEU",Coupled Domain Motion,1meo,A,1rby,A,,,,,,,,
55,GLYOXYLATE REDUCTASE/HYDROXYPYRUVATE REDUCTASE,"DGY,2xNDP",Coupled Domain Motion,2q50,CD,2gcg,CD,,,,,,,,
56,TRICHODIENE SYNTHASE,"2xMG,POP,2xSAZ",Coupled Domain Motion,1yj4,AB,1yyr,AB,,,,,,,,
57,HYALURONIDASE,2xGSZ,Coupled Domain Motion,2cbi,A,2j62,A,,,,,,,,
58,"5,10-METHENYLTETRAHYDROFOLATE SYNTHETASE","ADP,MG,THF",Coupled Domain Motion,1sbq,B,1u3g,A,,,,,,,,
59,TRANSLATION INITIATION FACTOR IF2/EIF5B,GNP,Independent Domain Motion,1g7r,A,1g7t,A,,,,,,,,
60,LYSYL-TRNA SYNTHETASE,2xLYS,Independent Domain Motion,1bbw,AA,1bbu,AA,,,,,,,,
61,HISTIDYL-TRNA SYNTHETASE,2xHAM,Independent Domain Motion,1h4v,BB,1ady,AB,,,,,,,,
62,PENICILLIN-BINDING PROTEIN 2,M0E,Independent Domain Motion,2olu,A,2olv,A,,,,,,,,
63,TETRACYCLINE REPRESSOR PROTEIN,"PEPT(WTWNAYAFAAPS),PEPT(WTWNAYAFAAP)",Independent Domain Motion,2ns7,AB,2ns8,CD,,,,,,,,
64,ANTHRANILATE PHOSPHORIBOSYLTRANSFERASE,"4xMG,2xPRP",Independent Domain Motion,1o17,BC,1zxy,AD,,,,,,,,
65,ACETYL TRANSFERASE,2xCOA,Independent Domain Motion,1z9u,AB,1s7n,AB,,,,,,,,
66,235AA LONG HYPOTHETICAL BIOTIN--[ACETYL-COA-CARBOXYLASE] LIGASE,"2xADP,2xBTN",Independent Domain Motion,2hni,AB,2dth,AB,,,,,,,,
67,UDP-N-ACETYLMURAMOYL-L-ALANINE:D-GLUTAMATE LIGASE,UMA,Independent Domain Motion,1e0d,A,1eeh,A,,,,,,,,
68,SUCCINYLARGININE DIHYDROLASE,2xSUO,Independent Domain Motion,1ynf,CE,1ynh,AD,,,,,,,,
69,2-C-METHYL-D-ERYTHRITOL 4-PHOSPHATE CYTIDYLYLTRANSFERASE,2xCTP,Independent Domain Motion,1vgt,AB,1i52,AA,,,,,,,,
70,RIBOSOMAL PROTEIN L11 METHYLTRANSFERASE,SAM,Independent Domain Motion,2nxc,A,2nxe,A,,,,,,,,
71,"NICOTINAMIDE NUCLEOTIDE TRANSHYDROGENASE, SUBUNIT ALPHA 1",NAI,Independent Domain Motion,1l7d,CD,1l7e,AB,,,,,,,,
72,REGULATOR OF NONSENSE TRANSCRIPTS 1,ADP,Independent Domain Motion,2gk7,A,2gk6,A,,,,,,,,
73,MYOSIN II HEAVY CHAIN,ADP,Independent Domain Motion,1fmv,A,1w9j,A,,,,,,,,
74,LIPOPOLYSACCHARIDE HEPTOSYLTRANSFERASE-1,ADP,Independent Domain Motion,2gt1,A,2h1f,B,,,,,,,,
75,POLY(A) POLYMERASE,2xFLC,Independent Domain Motion,2o1p,A,2hhp,A,,,,,,,,
76,INOSITOL-TRISPHOSPHATE 3-KINASE A,"4IP,ADP",Independent Domain Motion,1w2f,A,1w2d,B,,,,,,,,
77,TRANSPORTIN-1,PEPT(PRVRYNPYTTRP),Independent Domain Motion,2qmr,D,2z5k,A,,,,,,,,
78,GELSOLIN,3xCA,Independent Domain Motion,2fh4,B,1p8x,C,,,,,,,,
79,TRANSCRIPTIONAL REPRESSOR SMTB,2xZN,Independent Domain Motion,1smt,AB,1r22,AB,,,,,,,,
80,INTERFERON-INDUCIBLE GTPASE,"GNP,MG",Independent Domain Motion,1tqd,A,1tq6,A,,,,,,,,
81,ADENOSINE KINASE,2xACP,Independent Domain Motion,2pkf,BB,2pkn,AA,,,,,,,,
82,FERRIPYOVERDINE RECEPTOR,PVD,Independent Domain Motion,2o5p,B,2iah,A,,,,,,,,
83,MALTOSE-BINDING PROTEIN MONOBODY YS1 FUSION,"1PE,MN,PG4,PGE",Independent Domain Motion,3csg,A,3csb,A,,,,,,,,
84,JUMONJI DOMAIN-CONTAINING PROTEIN 2A,2xPEPT(ARTKQTA),Independent Domain Motion,2gf7,C,2gfa,B,,,,,,,,
85,DERMONECROTIC TOXIN,2xTRE,Independent Domain Motion,2ec5,A,2ebf,X,,,,,,,,
86,PHENYLALANINE-4-HYDROXYLASE,"2xH4B,2xNLE",Independent Domain Motion,1j8t,AA,1mmt,AA,,,,,,,,
87,CELL DIVISION PROTEIN FTSA,ATP,Independent Domain Motion,1e4f,T,1e4g,T,,,,,,,,
88,HIGH-AFFINITY ZINC UPTAKE SYSTEM PROTEIN ZNUA,ZN,Independent Domain Motion,2ps3,A,2ps0,A,,,,,,,,
89,"2,4-DIENOYL-COA REDUCTASE",2xNDP,Independent Domain Motion,1gu7,AB,1guf,AB,,,,,,,,
90,BETA NERVE GROWTH FACTOR,2xZN,Independent Domain Motion,1bet,AA,1btg,BC,,,,,,,,
91,"RIBONUCLEASE, SEMINAL",2xCPA,Independent Domain Motion,1r5d,AB,1tq9,AB,,,,,,,,
92,TRANSCRIPTIONAL REGULATOR MNTR,4xMN,Independent Domain Motion,2hyg,DD,2f5f,AB,,,,,,,,
93,SIALIDASE,"DAN,GAL",Independent Domain Motion,1eut,A,1w8n,A,,,,,,,,
94,EOSINOPHIL CATIONIC PROTEIN,2xCIT,Independent Domain Motion,1qmt,A,1dyt,A,,,,,,,,
95,URACIL-DNA GLYCOSYLASE,URA,Independent Domain Motion,3eug,A,1flz,A,,,,,,,,
96,PUTATIVE SAM-DEPENDENT RNA METHYLTRANSFERASE,2xSAH,Independent Domain Motion,1wxx,CD,2cww,BB,,,,,,,,
97,ENDODEOXYRIBONUCLEASE I,2xMN,Independent Domain Motion,1fzr,CD,1m0d,AB,,,,,,,,
98,CHITINASE B,7xTYP,Independent Domain Motion,1ogb,AB,1w1y,AB,,,,,,,,
99,GLUCOSE 6-PHOSPHATE DEHYDROGENASE,2xNAP,Independent Domain Motion,1dpg,AB,2dpg,AA,,,,,,,,
100,ADP-RIBOSYL CYCLASE,"4xNCA,2xROB",Independent Domain Motion,1r0s,AB,1r15,AB,,,,,,,,
101,GLUTAMYL-TRNA SYNTHETASE,GLU,Independent Domain Motion,2cfo,B,2cfo,A,,,,,,,,
102,DIPEPTIDYL PEPTIDASE IV,"11xNAG,5xNDG",Independent Domain Motion,2i78,CD,1u8e,AB,,,,,,,,
103,FOLLISTATIN,IHS,Independent Domain Motion,1lr9,A,1lr8,A,,,,,,,,
104,IMMUNOGLOBULIN LAMBDA DIMER MCG (LIGHT CHAIN),2xPEPT(QFHP),Independent Domain Motion,1dcl,AB,1mcs,AB,,,,,,,,
105,GROWTH FACTOR RECEPTOR-BOUND PROTEIN 2,PEPT(APSYVNVQN),Independent Domain Motion,1jyu,A,1jyr,A,,,,,,,,
106,CYANOVIRIN-N,NHE,Independent Domain Motion,3ezm,AA,1l5b,AB,,,,,,,,
107,SECRETED EFFECTOR PROTEIN,B3P,Independent Domain Motion,2qza,A,2qyu,A,,,,,,,,
108,PHOSPHOGLYCERATE KINASE 1,ADP,Independent Domain Motion,3c3b,A,2zgv,A,,,,,,,,
109,DNAD-LIKE REPLICATION PROTEIN,ZN,Independent Domain Motion,2zc2,A,2zc2,B,,,,,,,,
110,SIGNAL RECOGNITION PARTICLE 43 KDA PROTEIN,PEPT(YPGGSFDPLGLA),Independent Domain Motion,3deo,A,3dep,A,,,,,,,,
111,PECTATE LYASE,MN,Independent Domain Motion,2v8i,A,2v8j,A,,,,,,,,
112,JAGGED-1,MLT,Independent Domain Motion,2vj2,A,2vj2,B,,,,,,,,
113,HYPOTHETICAL PROTEIN,P6G,Independent Domain Motion,1rki,A,1rki,B,,,,,,,,
114,CHITINASE A,4xNAG,Independent Domain Motion,3b8s,B,3b9d,A,,,,,,,,
115,PSEUDECIN,ZN,Independent Domain Motion,2ddb,A,2epf,D,,,,,,,,
116,"ABC TRANSPORTER, ATP BINDING PROTEIN",ADP,Independent Domain Motion,1oxs,C,1oxu,C,,,,,,,,
117,EXOPOLYPHOSPHATASE,CA,Independent Domain Motion,2j4r,B,1t6c,A,,,,,,,,
118,REPLICASE POLYPROTEIN 1AB (PP1AB),"2xPEPT(VTL),2xECQ",Independent Domain Motion,1uk2,AB,2z3c,AA,,,,,,,,
119,FLAGELLUM-SPECIFIC ATP SYNTHASE,ADP,Independent Domain Motion,2dpy,A,2dpy,B,,,,,,,,
120,URE2 PROTEIN,GTT,Independent Domain Motion,1g6y,AB,1jzr,CD,,,,,,,,
121,DATP PYROPHOSPHOHYDROLASE,PPV,Independent Domain Motion,2o1c,D,2o1c,A,,,,,,,,
122,OUTER PROTEIN YOPM,2xCA,Independent Domain Motion,1g9u,A,1jl5,A,,,,,,,,
123,DNA HELICASE UVSW,MG,Independent Domain Motion,1rif,A,1rif,B,,,,,,,,
124,LETHAL(3)MALIGNANT BRAIN TUMOR-LIKE PROTEIN,PG4,Independent Domain Motion,2rjc,B,2rhu,A,,,,,,,,
125,LECTIN-D2,CA,Independent Domain Motion,1uln,A,1uha,A,,,,,,,,
126,CAPSID PROTEIN P40,2xPEPT(VDNA),Coupled Local Motion,1wpo,AB,1njt,AB,,,,,,,,
127,GTPASE/ATPASE,2xGDP,Coupled Local Motion,2qm8,AB,2qm7,AB,,,,,,,,
128,PROTEIN-ARGININE DEIMINASE TYPE IV,8xCA,Coupled Local Motion,1wd8,AA,1wd9,AA,,,,,,,,
129,INTERFERON-INDUCED GUANYLATE-BINDING PROTEIN 1,"GNP,MG",Coupled Local Motion,1dg3,A,1f5n,A,,,,,,,,
130,ENOLASE,"2PG,2xMG,PEP",Coupled Local Motion,3enl,AA,2one,AB,,,,,,,,
131,PHOSPHORIBOSYLFORMYLGLYCINAMIDINE SYNTHASE II,"ACP,FGR,2xMG",Coupled Local Motion,1vk3,A,2hs4,A,,,,,,,,
132,PYRUVATE DEHYDROGENASE E1 COMPONENT,"2xMG,2xTDK",Coupled Local Motion,2g67,AB,2g25,AB,,,,,,,,
133,SPERMIDINE SYNTHASE,2xSAM,Coupled Local Motion,3bwb,AB,3bwc,AB,,,,,,,,
134,"BETA-1,4-XYLOGLUCAN HYDROLASE","5xBGC,CA,GLC,4xXYS",Coupled Local Motion,2cn2,C,2cn3,A,,,,,,,,
135,PHOSPHOTYROSINE PROTEIN PHOSPHATASE PTPB,2x7XY,Coupled Local Motion,1ywf,A,2oz5,B,,,,,,,,
136,ESTROGEN-RELATED RECEPTOR GAMMA,2xOHT,Coupled Local Motion,2gp7,CD,2gpu,AA,,,,,,,,
137,CYCLOPROPANE-FATTY-ACYL-PHOSPHOLIPID SYNTHASE 1,"10A,SAH",Coupled Local Motion,1kp9,A,1kph,C,,,,,,,,
138,HEME-DEGRADING MONOOXYGENASE ISDI,2xCOH,Coupled Local Motion,1sqe,AB,2zdp,AB,,,,,,,,
139,"PROTEIN-TYROSINE PHOSPHATASE, NON-RECEPTOR TYPE 1",BB3,Coupled Local Motion,1pa1,A,1t48,A,,,,,,,,
140,SIALIDASE 2,DAN,Coupled Local Motion,1so7,A,1vcu,B,,,,,,,,
141,DIBENZOTHIOPHENE DESULFURIZATION ENZYME B,OBP,Coupled Local Motion,2de2,A,2de3,B,,,,,,,,
142,NAD-DEPENDENT FORMATE DEHYDROGENASE,2xNAD,Coupled Local Motion,2go1,AA,2nad,AB,,,,,,,,
143,PYRROLYSYL-TRNA SYNTHETASE,"2xPOP,2xYLY",Coupled Local Motion,2e3c,AA,2zim,AA,,,,,,,,
144,HEME OXYGENASE 1,"224,HEM",Coupled Local Motion,1irm,C,2dy5,A,,,,,,,,
145,CYANOBACTERIAL PHYCOERYTHROBILIN,BLA,Coupled Local Motion,2vcl,A,2vck,B,,,,,,,,
146,PYRUVATE DEHYDROGENASE KINASE ISOENZYME 2,"2xATP,2xTF1",Coupled Local Motion,2btz,AA,2bu2,AA,,,,,,,,
147,ENDOGLYCOCERAMIDASE II,"16C,GAL,GLC,SIA",Coupled Local Motion,2osw,A,2osx,A,,,,,,,,
148,ASPARAGINYL-TRNA SYNTHETASE,2xNSS,Coupled Local Motion,1x56,AA,1x55,AA,,,,,,,,
149,PHOSPHO-2-DEHYDRO-3-DEOXYHEPTONATE ALDOLASE,"2xDTY,2xMN",Coupled Local Motion,1ofp,AB,1of6,EF,,,,,,,,
150,COPROPORPHYRINOGEN III OXIDASE,6x0PA,Coupled Local Motion,2qt8,AB,3dwr,AB,,,,,,,,
151,RNA URIDYLYL TRANSFERASE,"GTP,MG",Coupled Local Motion,2q0d,B,2q0e,A,,,,,,,,
152,PENICILLIN-BINDING PROTEIN 2X,OSU,Coupled Local Motion,1qme,A,1pyy,A,,,,,,,,
153,OROTIDINE 5'-PHOSPHATE DECARBOXYLASE,2xOMP,Coupled Local Motion,2zcg,AB,2za1,AB,,,,,,,,
154,FRUCTOSE-BISPHOSPHATE ALDOLASE II,4xZN,Coupled Local Motion,1gyn,AA,1zen,AA,,,,,,,,
155,SIGNAL PEPTIDASE I,1PN,Coupled Local Motion,1kn9,B,1b12,A,,,,,,,,
156,E3 UBIQUITIN-PROTEIN LIGASE NEDD4,2xCA,Coupled Local Motion,3b7y,B,3b7y,A,,,,,,,,
157,MODULATOR OF DRUG ACTIVITY B,2xFAD,Coupled Local Motion,2amj,CD,2b3d,AB,,,,,,,,
158,PHOSPHOACETYLGLUCOSAMINE MUTASE,"16G,ZN",Coupled Local Motion,2dka,A,2dkc,B,,,,,,,,
159,TRICHOTHECENE 3-O-ACETYLTRANSFERASE,"COA,MPO,ZBA",Coupled Local Motion,2rkt,A,2rkv,A,,,,,,,,
160,COMPLEMENT FACTOR D,SOA,Coupled Local Motion,1fdp,A,1bio,A,,,,,,,,
161,"N-ACETYLLACTOSAMINIDE ALPHA-1,3-GALACTOSYLTRANSFERASE","MN,UDP",Coupled Local Motion,2vxm,A,2jcj,A,,,,,,,,
162,PYRIDOXAL KINASE,"2xACP,2xPXM",Coupled Local Motion,1lhp,AB,1rft,AA,,,,,,,,
163,PYRIDOXINE 5'-PHOSPHATE OXIDASE,PLP,Coupled Local Motion,1xxo,AB,2aq6,AB,,,,,,,,
164,MYOGLOBIN,CUP,Coupled Local Motion,1ufp,A,2eb8,A,,,,,,,,
165,TELOMERIC REPEAT BINDING FACTOR 1,2xPEPT(SHFNLAPLGRRRV),Coupled Local Motion,1h6o,AA,3bqo,AA,,,,,,,,
166,GANGLIOSIDE GM2 ACTIVATOR,"LP3,OLA",Coupled Local Motion,1pu5,A,2ag4,B,,,,,,,,
167,RIBONUCLEOTIDE REDUCTASE PROTEIN R1,"PEPT(SEVDTDDLSNFQL),TTP",Coupled Local Motion,1rlr,A,2r1r,C,,,,,,,,
168,IRON(III) DICITRATE TRANSPORT PROTEIN FECA,"FDC,16xLDA",Coupled Local Motion,1pnz,A,1kmp,A,,,,,,,,
169,8-AMINO-7-OXONONANOATE SYNTHASE,"2xKAM,2xMG",Coupled Local Motion,1bs0,AA,1dj9,AA,,,,,,,,
170,INOSITOL MONOPHOSPHATASE,2xCA,Coupled Local Motion,1imf,AA,1ime,AB,,,,,,,,
171,BETA-SECRETASE 1,AXQ,Coupled Local Motion,1sgz,B,2f3e,C,,,,,,,,
172,TRIOSEPHOSPHATE ISOMERASE,PGH,Coupled Local Motion,1mss,B,1ttj,A,,,,,,,,
173,PANTOTHENATE SYNTHETASE,2xAMP,Coupled Local Motion,1n2o,AB,2a86,AB,,,,,,,,
174,PMS1 PROTEIN HOMOLOG 2,ADP,Coupled Local Motion,1h7s,A,1ea6,B,,,,,,,,
175,PROTEIN BUG27,CIT,Coupled Local Motion,2qpq,B,2qpq,A,,,,,,,,
176,ALKALINE PHOSPHATASE,"2xMG,4xZN",Coupled Local Motion,1aja,AB,1elz,AB,,,,,,,,
177,ANTHRANILATE PHOSPHORIBOSYLTRANSFERASE,"BAM,2xMG,PRP",Coupled Local Motion,1zvw,B,1zvw,A,,,,,,,,
178,GTP-BINDING PROTEIN LEPA,GNP,Coupled Local Motion,2ywe,A,2ywf,A,,,,,,,,
179,ASPARTATE BETA-SEMIALDEHYDE DEHYDROGENASE,2xNAP,Coupled Local Motion,2gyy,AB,2gz1,AB,,,,,,,,
180,PANTOTHENATE KINASE,2xPAU,Coupled Local Motion,2f9t,AB,2f9w,AB,,,,,,,,
181,1-DEOXY-D-XYLULOSE-5-PHOSPHATE REDUCTOISOMERASE,"2xDXP,2xNDP",Coupled Local Motion,1k5h,AA,1q0q,AB,,,,,,,,
182,SHIKIMATE KINASE,"MG,SKM",Coupled Local Motion,2iyt,A,2iyx,A,,,,,,,,
183,D-ALANINE:D-ALANINE LIGASE,2xATP,Coupled Local Motion,2fb9,AA,2zdq,AB,,,,,,,,
184,ARABINOSE OPERON REGULATORY PROTEIN,2xFCB,Coupled Local Motion,1xja,EE,2aac,AB,,,,,,,,
185,"BETA-1,4-GALACTOSYLTRANSFERASE 1","GDU,MN",Coupled Local Motion,1pzt,A,1o0r,A,,,,,,,,
186,ARYLALKYLAMINE N-ACETYLTRANSFERASE,COT,Coupled Local Motion,1b6b,A,1cjw,A,,,,,,,,
187,ANTIGEN 85-C,DEP,Coupled Local Motion,1dqz,B,1dqy,A,,,,,,,,
188,CHEMOSENSORY PROTEIN A6,3xBDD,Coupled Local Motion,1kx9,A,1n8v,B,,,,,,,,
189,HYDROGENASE EXPRESSION/FORMATION PROTEIN HYPC,PG4,Coupled Local Motion,2z1c,A,2z1c,B,,,,,,,,
190,SHIKIMATE KINASE,SKM,Coupled Local Motion,1zuh,A,1zui,A,,,,,,,,
191,STAPHYLOCOCCAL ENTEROTOXIN B,SIA,Coupled Local Motion,3seb,A,1se3,A,,,,,,,,
192,CATECHOL O-METHYLTRANSFERASE,"2xBIE,MG,SAM",Coupled Local Motion,2zlb,A,2cl5,B,,,,,,,,
193,PEPTIDE METHIONINE SULFOXIDE REDUCTASE MSRA/MSRB,SSM,Coupled Local Motion,3bqh,A,3bqf,A,,,,,,,,
194,PEROXISOME PROLIFERATOR-ACTIVATED RECEPTOR GAMMA,3xAJA,Coupled Local Motion,2f4b,B,2om9,A,,,,,,,,
195,ARSENATE REDUCTASE,MNB,Coupled Local Motion,1jfv,A,1rxe,A,,,,,,,,
196,PENICILLIN-BINDING PROTEIN 5,HJ2,Coupled Local Motion,1nzu,A,3bec,A,,,,,,,,
197,GALECTIN,"2xGAL,2xGLC,2xSIA",Coupled Local Motion,1ww7,BC,1ww4,AD,,,,,,,,
198,DIADENOSINE TETRAPHOSPHATE HYDROLASE,"AMP,2xMG",Coupled Local Motion,1kt9,A,1ktg,A,,,,,,,,
199,"DTDP-6-DEOXY-D-XYLO-4-HEXULOSE 3,5-EPIMERASE",2xTRH,Coupled Local Motion,1nxm,AB,2ixl,AB,,,,,,,,
200,"PROTEIN PHOSPHATASE 2A, REGULATORY SUBUNIT B",ADP,Coupled Local Motion,2hv6,B,2hv7,E,,,,,,,,
201,DNA PACKAGING PROTEIN GP17,ADP,Coupled Local Motion,2o0k,A,2o0j,A,,,,,,,,
202,17BETA-HYDROXYSTEROID DEHYDROGENASE,2xHYC,Coupled Local Motion,1bhs,AA,1i5r,AA,,,,,,,,
203,LIPASE,PLC,Coupled Local Motion,1tib,A,1ein,B,,,,,,,,
204,3-DEHYDROQUINATE DEHYDRATASE,2xDHS,Coupled Local Motion,1gqn,AA,1l9w,CD,,,,,,,,
205,ALPHA-AMYLASE,3xCA,Coupled Local Motion,1vjs,A,1bli,A,,,,,,,,
206,PROTEIN L,2xZN,Coupled Local Motion,1hz6,A,1k52,B,,,,,,,,
207,GDP-MANNOSE MANNOSYL HYDROLASE,"2xGDP,2xMG",Coupled Local Motion,2gt2,CD,1rya,AB,,,,,,,,
208,PROLINE-TRNA LIGASE,2x5CA,Coupled Local Motion,2i4l,CC,2i4n,AB,,,,,,,,
209,ASPARAGINE OXYGENASE,"AHB,SIN",Coupled Local Motion,2og6,A,2og7,A,,,,,,,,
210,CELLULAR TUMOR ANTIGEN P53,ZN,Coupled Local Motion,2p52,A,2iom,A,,,,,,,,
211,PHOSPHOSERINE PHOSPHATASE,SEP,Coupled Local Motion,1l7o,B,1l7p,B,,,,,,,,
212,STAPHYLOCOCCAL NUCLEASE,"CA,THP",Coupled Local Motion,1ey0,A,1stb,A,,,,,,,,
213,ANNEXIN GH1,3xCA,Coupled Local Motion,1n00,A,3brx,A,,,,,,,,
214,BETA-LACTOGLOBULIN,2xVD3,Coupled Local Motion,1bsq,A,2gj5,A,,,,,,,,
215,AZURIN,REP,Coupled Local Motion,1r1c,C,1r1c,A,,,,,,,,
216,27.5 KDA VIRULENCE PROTEIN,PEPT(GEAVATY),Coupled Local Motion,2z8n,B,2z8p,A,,,,,,,,
217,SORTASE,"GLU,PRO,THR",Coupled Local Motion,1t2w,C,1t2w,A,,,,,,,,
218,ALPHA-L-ARABINOFURANOSIDASE,"AHR,3xXYP",Coupled Local Motion,2vrk,A,2vrq,B,,,,,,,,
219,SCO1 PROTEIN,2xCU,Coupled Local Motion,2b7k,B,2b7j,C,,,,,,,,
220,ALDEHYDE REDUCTASE II,"AMP,NMN",Coupled Local Motion,1ujm,B,1y1p,A,,,,,,,,
221,N-ACETYL-BETA-D-GLUCOSAMINIDASE,2xNGT,Coupled Local Motion,2epl,XX,2epn,AB,,,,,,,,
222,UNCHARACTERIZED PROTEIN,CIT,Coupled Local Motion,2r4i,CD,2r4i,AB,,,,,,,,
223,"MALATE DEHYDROGENASE, GLYOXYSOMAL",CIT,Coupled Local Motion,1smk,AB,1smk,CD,,,,,,,,
224,THYMIDYLATE SYNTHASE,"2xLYA,2xUMP",Coupled Local Motion,2rda,EF,1juj,CD,,,,,,,,
225,"PHOSPHOINOSITIDE-SPECIFIC PHOSPHOLIPASE C, ISOZYME DELTA1","2xCA,IP2",Coupled Local Motion,1qat,A,1djz,B,,,,,,,,
226,BETA-AMYLASE,2xGLC,Coupled Local Motion,1wdp,A,1q6f,A,,,,,,,,
227,TRIOSEPHOSPHATE ISOMERASE GLYCOSOMAL,2xPGA,Coupled Local Motion,2j24,AB,2j27,AB,,,,,,,,
228,LL-DIAMINOPIMELATE AMINOTRANSFERASE,"MLT,2xPLP",Coupled Local Motion,3ei7,AB,2z1z,AB,,,,,,,,
229,DEHYDROSQUALENE SYNTHASE,"B65,2xMG",Coupled Local Motion,2zco,A,2zcq,A,,,,,,,,
230,XYLOSE REDUCTASE,2xNAP,Coupled Local Motion,1jez,AB,1k8c,CD,,,,,,,,
231,"GLYCEROL-3-PHOSPHATE DEHYDROGENASE [NAD+], CYTOPLASMIC","2x13P,2xNAD",Coupled Local Motion,1x0v,AB,1wpq,AB,,,,,,,,
232,LIPASE A,RIL,Coupled Local Motion,1i6w,B,1r4z,A,,,,,,,,
233,PHOSPHOLIPASE D,PD7,Coupled Local Motion,2ze4,A,2ze9,A,,,,,,,,
234,LEUCYL/PHENYLALANYL-TRNA--PROTEIN TRANSFERASE,"PUY,TAR",Coupled Local Motion,2dps,B,2dpt,B,,,,,,,,
235,RIBONUCLEASE T1,2GP,Coupled Local Motion,1rn4,A,2bir,A,,,,,,,,
236,RNA EDITING COMPLEX PROTEIN MP57,"MN,3xUTP",Coupled Local Motion,2b4v,A,2b51,A,,,,,,,,
237,ORNITHINE DECARBOXYLASE,"2xN2P,2xPLP",Coupled Local Motion,2on3,AB,2oo0,AB,,,,,,,,
238,ALPHA-D-GLUCURONIDASE,2xGCU,Coupled Local Motion,1mqr,AA,1mqq,AA,,,,,,,,
239,LEUCINE CARBOXYL METHYLTRANSFERASE 1,SAH,Coupled Local Motion,1rjf,C,2ob2,B,,,,,,,,
240,COPPER RESISTANCE PROTEIN C,2xCU,Coupled Local Motion,2c9r,A,2c9p,C,,,,,,,,
241,ALDOSE REDUCTASE,NDP,Coupled Local Motion,2bgq,A,2vdg,A,,,,,,,,
242,PEPTIDE AMIDASE,CHY,Coupled Local Motion,1m22,A,1m21,A,,,,,,,,
243,GLUCOSAMINE--FRUCTOSE-6-PHOSPHATE AMINOTRANSFERASE,GLP,Coupled Local Motion,2vf4,X,2vf5,X,,,,,,,,
244,"ALPHA-1,3-MANNOSYL-GLYCOPROTEIN BETA-1,2-N- ACETYLGLUCOSAMINYLTRANSFERASE",UD1,Coupled Local Motion,1fo8,A,1foa,A,,,,,,,,
245,2-KETO-3-DEOXY-D-ARABINONATE DEHYDRATASE,"2x2KT,2xCA",Coupled Local Motion,2q18,XX,2q1c,XX,,,,,,,,
246,RIO2 SERINE KINASE,"ATP,2xMN",Coupled Local Motion,1tqi,A,1zao,A,,,,,,,,
247,PHOSPHOMETHYLPYRIMIDINE KINASE,2xHMH,Coupled Local Motion,1jxh,AB,1jxi,AB,,,,,,,,
248,PHOSPHORIBOSYL ANTHRANILATE ISOMERASE,2x137,Coupled Local Motion,1nsj,AA,1lbm,AA,,,,,,,,
249,"IRON(III) ABC TRANSPORTER, PERIPLASMIC IRON- BINDING PROTEIN, PUTATIVE",NI,Coupled Local Motion,2etv,B,2etv,A,,,,,,,,
250,CHOLESTEROL ESTERASE,NAG,Independent Local Motion,2bce,A,1akn,A,,,,,,,,
251,"RIBULOSE-1,5-BISPHOSPHATE CARBOXYLASE","MG,2xRUB",Independent Local Motion,1rba,AB,9rub,AB,,,,,,,,
252,BOTULINUM NEUROTOXIN TYPE B,"GAL,SIA,ZN",Independent Local Motion,1s0g,A,1f31,A,,,,,,,,
253,ARGONAUTE PROTEIN,CA,Independent Local Motion,2f8s,B,1yvu,A,,,,,,,,
254,GALACTOSE OXIDASE,"CA,GLC",Independent Local Motion,1goh,A,1k3i,A,,,,,,,,
255,RNA DEPENDENT RNA POLYMERASE,JPC,Independent Local Motion,1yuy,A,1yvz,A,,,,,,,,
256,GLYOXALASE FAMILY PROTEIN,2xMN,Independent Local Motion,2p7l,EF,2p7p,AB,,,,,,,,
257,INTERLEUKIN-2,FRB,Independent Local Motion,1m47,A,1pw6,B,,,,,,,,
258,PI-SCEI ENDONUCLEASE,ZN,Independent Local Motion,1vde,B,1ef0,A,,,,,,,,
259,TYROSINE-PROTEIN PHOSPHATASE NON-RECEPTOR TYPE 22,561,Independent Local Motion,2qct,B,2qct,A,,,,,,,,
260,DIPHOSPHATE--FRUCTOSE-6-PHOSPHATE 1-PHOSPHOTRANSFERASE,FBP,Independent Local Motion,1kzh,AB,2f48,AB,,,,,,,,
261,NEUROTOXIN A,ZN,Independent Local Motion,3bok,A,2ise,A,,,,,,,,
262,N-ACETYLGLUCOSAMINE-6-PHOSPHATE DEACETYLASE,2xZN,Independent Local Motion,1ymy,AB,2p50,AB,,,,,,,,
263,LIPID-TRANSFER PROTEIN CERT,16C,Independent Local Motion,2e3m,A,2e3p,B,,,,,,,,
264,"DHPS, DIHYDROPTEROATE SYNTHASE",2x680,Independent Local Motion,1tws,BB,1tx2,AA,,,,,,,,
265,LIPOXYGENASE-1,FE,Independent Local Motion,1f8n,A,2sbl,A,,,,,,,,
266,SERYL-TRNA SYNTHETASE,2xSSA,Independent Local Motion,1sry,AB,1set,AB,,,,,,,,
267,YHCH PROTEIN,2xCU,Independent Local Motion,1jop,BC,1s4c,BC,,,,,,,,
268,GLYCYLPEPTIDE N-TETRADECANOYLTRANSFERASE 1,CO,Independent Local Motion,1rxt,B,1rxt,C,,,,,,,,
269,3-OXOACYL-[ACYL-CARRIER-PROTEIN] SYNTHASE 3,2xD1T,Independent Local Motion,1u6e,AB,2qo0,AB,,,,,,,,
270,"ENDO-1,4-BETA-D-XYLANASE","AHR,13xXYP,XYS",Independent Local Motion,1xyf,AB,1v6u,AB,,,,,,,,
271,PUTATIVE ACETYLTRANSFERASE,MG,Independent Local Motion,3c8v,AB,3c8v,CD,,,,,,,,
272,GTP-BINDING PROTEIN,GDP,Independent Local Motion,2dwq,A,2dby,A,,,,,,,,
273,NEUROPILIN-1,PEPT(KPR),Independent Local Motion,2orx,A,2orz,A,,,,,,,,
274,LYSOZYME,"GAL,2xNAG",Independent Local Motion,1lyy,A,1re2,A,,,,,,,,
#BA?V!,SERINE/THREONINE-PROTEIN KINASE GCN2,2xATP,Independent Local Motion,1zy4,AB,1zyd,AB,,,,,,,,
#BA?V!,4F2 CELL-SURFACE ANTIGEN HEAVY CHAIN,ZN,Independent Local Motion,2dh3,B,2dh3,A,,,,,,,,
#BA?V!,PYRUVATE PHOSPHATE DIKINASE,"2xMG,2xPPR",Independent Local Motion,1jde,AA,1kc7,AA,,,,,,,,
#BA?V!,O-SUCCINYLBENZOATE SYNTHASE,"MG,OSB",Independent Local Motion,2ofj,A,1fhv,A,,,,,,,,
#BA?V!,PROGESTERONE 5-BETA-REDUCTASE,NAP,Independent Local Motion,2v6f,A,2v6g,A,,,,,,,,
#BA?V!,DNA TOPOISOMERASE I,A3P,Independent Local Motion,1mw9,X,1cy0,A,,,,,,,,
#BA?V!,BETA-HEXOSAMINIDASE,OAN,Independent Local Motion,1tr9,A,2oxn,A,,,,,,,,
#BA?V!,ALLANTOATE AMIDOHYDROLASE,"1AL,4xZN",Independent Local Motion,2imo,AB,1z2l,AB,,,,,,,,
#BA?V!,TYROSYL-DNA PHOSPHODIESTERASE 1,"DNA(TA),OTS,OTR",Independent Local Motion,1qzq,A,1rg2,B,,,,,,,,
#BA?V!,PUTATIVE MODIFICATION METHYLASE,2xSAM,Independent Local Motion,2zig,AB,2zif,AB,,,,,,,,
#BA?V!,"N(2),N(2)-DIMETHYLGUANOSINE TRNA METHYLTRANSFERASE",2xSAH,Independent Local Motion,2dul,AA,2ytz,AB,,,,,,,,
#BA?V!,FIBRILLIN-1,2xCA,Independent Local Motion,1uzq,A,1uzj,C,,,,,,,,
#BA?V!,PHEROMONE-BINDING PROTEIN,BOM,Independent Local Motion,2fjy,B,1dqe,A,,,,,,,,
#BA?V!,HTH-TYPE TRANSCRIPTIONAL REGULATOR BENM,3xBEZ,Independent Local Motion,2f6p,AB,2f8d,AB,,,,,,,,
#BA?V!,FERREDOXIN-LIKE PROTEIN OF UNKNOWN FUNCTION,2xNBZ,Independent Local Motion,3bgu,BB,3bgu,AA,,,,,,,,
#BA?V!,PHYCOCYANOBILIN:FERREDOXIN OXIDOREDUCTASE,BLA,Independent Local Motion,2dke,A,2d1e,A,,,,,,,,
#BA?V!,PROBABLE ATP-DEPENDENT RNA HELICASE DDX58,ZN,Independent Local Motion,2qfd,C,2qfb,H,,,,,,,,
#BA?V!,"NG,NG-DIMETHYLARGININE DIMETHYLAMINOHYDROLASE 1",ZN,Independent Local Motion,2ci3,A,2ci6,A,,,,,,,,
#BA?V!,L-ARGININE\:GLYCINE AMIDINOTRANSFERASE,2xARG,Independent Local Motion,2jdw,AA,4jdw,AA,,,,,,,,
#BA?V!,THIOESTERASE I,OCA,Independent Local Motion,1ivn,A,1u8u,A,,,,,,,,
#BA?V!,"3,4-DIHYDROXY-2-BUTANONE 4-PHOSPHATE SYNTHASE","2x5RP,2xZN",Independent Local Motion,1pvw,CC,1snn,AB,,,,,,,,
#BA?V!,RIBOSOME-INACTIVATING PROTEIN 3,ADE,Independent Local Motion,2pqi,C,2pqj,C,,,,,,,,
#BA?V!,HYPOTHETICAL 22.5 KDA PROTEIN IN TUB1-CPR3 INTERGENIC REGION,"ADE,CIT",Independent Local Motion,1xe8,CC,1xe8,AB,,,,,,,,
#BA?V!,PRECORRIN-2 C20-METHYLTRANSFERASE,2xSAH,Independent Local Motion,2e0k,AB,2e0n,AB,,,,,,,,
#BA?V!,ENDOGLUCANASE B,CA,Independent Local Motion,1a3h,A,1qhz,A,,,,,,,,
#BA?V!,METALLO-BETA-LACTAMASE,2xZN,Independent Local Motion,2znb,B,1a8t,B,,,,,,,,
#BA?V!,UPF0341 PROTEIN YHIQ,SAH,Independent Local Motion,2pgx,A,2oyr,A,,,,,,,,
#BA?V!,CLAVAMINATE SYNTHASE 1,"AKG,FE,PCX",Independent Local Motion,1ds0,A,1gvg,A,,,,,,,,
#BA?V!,FORMATE DEHYDROGENASE,2xPG4,Independent Local Motion,2fss,BC,2j6i,AD,,,,,,,,
#BA?V!,BREAST CANCER TYPE 1 SUSCEPTIBILITY PROTEIN,PEPT(STSPTFNK),Independent Local Motion,1t2u,A,1t15,A,,,,,,,,
#BA?V!,SYS-1 PROTEIN,PEPT(GDEVKVFR),Independent Local Motion,3c2h,B,3c2g,B,,,,,,,,
#BA?V!,PROBABLE GALACTOKINASE,"GLA,MAP",Independent Local Motion,2cz9,A,2dei,A,,,,,,,,
#BA?V!,UVRABC SYSTEM PROTEIN C,MN,Independent Local Motion,2nrt,A,2nrz,B,,,,,,,,
#BA?V!,ANTITHROMBIN,"NAG,NTP",Independent Local Motion,1br8,L,1azx,I,,,,,,,,
#BA?V!,MUTANT AL2 6E7S9G,AIC,Independent Local Motion,1h8n,A,1h8s,A,,,,,,,,
#BA?V!,HISTONE H3 LYSINE 4 SPECIFIC METHYLTRANSFERASE,SAH,Independent Local Motion,1h3i,A,1mt6,A,,,,,,,,
#BA?V!,"6-HYDROXYMETHYL-7,8-DIHYDROPTERIN PYROPHOSPHOKINASE","AMP,HH2",Independent Local Motion,1hka,A,1rao,A,,,,,,,,
#BA?V!,UBIQUITIN CARBOXYL-TERMINAL HYDROLASE 7,PEPT(EKPSSS),Independent Local Motion,2f1w,A,2fop,A,,,,,,,,
#BA?V!,HYDROPHOBIN-1,ZN,Independent Local Motion,2fz6,C,2fz6,B,,,,,,,,
#BA?V!,NUCLEAR INCLUSION PROTEIN A,PEPT(TENLYFQSGT),Independent Local Motion,1q31,B,1lvb,A,,,,,,,,
#BA?V!,ASPARTYL-TRNA SYNTHETASE,"2xAMO,AMP",Independent Local Motion,1l0w,AB,1g51,AB,,,,,,,,
#BA?V!,SIALIC ACID BINDING IG-LIKE LECTIN 7,"GLC,NAG,SIA",Independent Local Motion,1o7v,A,2hrl,A,,,,,,,,
#BA?V!,AGRIN,CA,Independent Local Motion,1pz9,B,1pz7,B,,,,,,,,
#BA?V!,UNCHARACTERIZED PROTEIN,PG4,Independent Local Motion,2pyq,C,2pyq,B,,,,,,,,
#BA?V!,NICOTINIC ACID MONONUCLEOTIDE ADENYLYLTRANSFERASE,"CIT,NAD",Independent Local Motion,1k4k,A,1k4m,B,,,,,,,,
#BA?V!,PROTEIN TRAI,MG,Independent Local Motion,2q7u,B,2q7t,A,,,,,,,,
#BA?V!,INTEGRASE,2xMN,Independent Local Motion,1vsm,AA,1vsf,AA,,,,,,,,
#BA?V!,PROBABLE ATP-DEPENDENT RNA HELICASE P47,"ADP,MG",Independent Local Motion,1xti,A,1xtj,A,,,,,,,,
#BA?V!,MO25 PROTEIN,PEPT(DWEF),Independent Local Motion,1upl,A,1upk,A,,,,,,,,
#BA?V!,TETANUS NEUROTOXIN,"GAL,NGA",Independent Local Motion,1a8d,A,1fv3,B,,,,,,,,
#BA?V!,PEPTIDYL-GLYCINE ALPHA-AMIDATING MONOOXYGENASE,"2xCU,3xIYT",Independent Local Motion,1yjl,A,1sdw,A,,,,,,,,
#BA?V!,HYPOTHETICAL PROTEIN,2xPGE,Independent Local Motion,2it9,CD,2it9,AB,,,,,,,,
#BA?V!,DIPHTHERIA TOXIN REPRESSOR,2xZN,Independent Local Motion,1p92,AA,1g3y,AA,,,,,,,,
#BA?V!,CAPSID PROTEIN P24 (CA),FLC,Independent Local Motion,2gol,D,2gon,D,,,,,,,,
#BA?V!,CELLULAR RETINOIC ACID-BINDING PROTEIN 2,B3P,Independent Local Motion,3d97,B,3d97,A,,,,,,,,
#BA?V!,PUTATIVE STEROID ISOMERASE,LDA,Independent Local Motion,2z7a,AB,2z76,AB,,,,,,,,
#BA?V!,GLYCOPROTEIN IB ALPHA,NAG,Independent Local Motion,1m0z,B,1qyy,G,,,,,,,,
#BA?V!,LIPOATE-PROTEIN LIGASE A,LPA,Independent Local Motion,1x2g,C,1x2h,A,,,,,,,,
#BA?V!,HYPOTHETICAL PROTEIN TA0583,ADP,Independent Local Motion,2fsj,A,2fsn,B,,,,,,,,
#BA?V!,PHOSPHATIDYLINOSITOL 3-KINASE CATALYTIC SUBUNIT,GD9,Independent Local Motion,1e8y,A,3dbs,A,,,,,,,,
#BA?V!,HOMOSERINE DEHYDROGENASE,NAD,Independent Local Motion,1ebu,AB,1ebf,AB,,,,,,,,
#BA?V!,PROFILIN,PEPT(PPPPPPPP),Independent Local Motion,2jkf,A,2jkg,A,,,,,,,,
#BA?V!,VITAMIN B12 TRANSPORT PROTEIN BTUF,CNC,Independent Local Motion,1n4d,A,1n4a,A,,,,,,,,
#BA?V!,IROE PROTEIN,DFP,Independent Local Motion,2gzr,A,2gzs,A,,,,,,,,
#BA?V!,HISF PROTEIN,UNL,Independent Local Motion,1thf,D,2a0n,A,,,,,,,,
#BA?V!,"2,3-DIKETO-5-METHYLTHIOPENTYL-1-PHOSPHATE ENOLASE",2xMG,Independent Local Motion,2oej,AB,2oek,AB,,,,,,,,
#BA?V!,XYLOGLUCANASE,"4xBGC,GAL,XYS",Independent Local Motion,2jep,B,2jeq,A,,,,,,,,
#BA?V!,INORGANIC PYROPHOSPHATASE,2xMG,Independent Local Motion,2ik9,AB,1huj,AB,,,,,,,,
#BA?V!,MEMBRANE ANTIGEN,FLC,Independent Local Motion,2izp,B,2j9t,A,,,,,,,,
#BA?V!,CHLORIDE INTRACELLULAR CHANNEL PROTEIN 1,GTT,Independent Local Motion,1k0m,B,1k0n,A,,,,,,,,
#BA?V!,SPHINGOMYELIN PHOSPHODIESTERASE,CO,Independent Local Motion,2uyr,X,2dds,A,,,,,,,,
#BA?V!,TRANSLATION INITIATION FACTOR 2 GAMMA SUBUNIT,"GDP,3xPPV",Independent Local Motion,2plf,A,2pmd,B,,,,,,,,
#BA?V!,HYPOTHETICAL PROTEIN PH0822,ADP,Independent Local Motion,2yx6,DD,2yx6,BC,,,,,,,,
#BA?V!,JUVENILE HORMONE BINDING PROTEIN,NAG,Independent Local Motion,2rck,A,2rck,B,,,,,,,,
#BA?V!,EXODEOXYRIBONUCLEASE I,"PEPT(DIPF),PEPT(IPF),MG",Independent Local Motion,3c95,A,3c94,A,,,,,,,,
#BA?V!,POLO-LIKE KINASE 1,ADP,Independent Local Motion,3d5u,A,3d5w,A,,,,,,,,
#BA?V!,PROGRAMMED CELL DEATH 6-INTERACTING PROTEIN,PEPT(DEEALKQLAEWVS),Independent Local Motion,2oew,A,3c3o,A,,,,,,,,
#BA?V!,METALLOREDUCTASE STEAP3,2xNAP,Independent Local Motion,2vns,AB,2vq3,AB,,,,,,,,
#BA?V!,ACETYL-COENZYME A CARBOXYLASE,"ACO,ADE",Independent Local Motion,1od4,AA,1od2,AB,,,,,,,,
#BA?V!,ANAEROBIC RIBONUCLEOTIDE-TRIPHOSPHATE REDUCTASE LARGE CHAIN,4xDCP,Independent Local Motion,1h7b,AA,1h78,AA,,,,,,,,
#BA?V!,EPHRIN RECEPTOR,ANP,Independent Local Motion,2qo2,A,2qoq,A,,,,,,,,
#BA?V!,HYALURONOGLUCOSAMINIDASE,"GCU,2xNAG",Independent Local Motion,1fcq,A,1fcv,A,,,,,,,,
#BA?V!,HIV-1 PROTEASE,A79,Independent Local Motion,1g6l,A,1hvc,A,,,,,,,,
#BA?V!,6-PHOSPHO-BETA-D-GALACTOSIDASE,BGP,Independent Local Motion,1pbg,B,4pbg,A,,,,,,,,
#BA?V!,PEPTIDE-N(4)-(N-ACETYL-BETA-D-GLUCOSAMINYL) ASPARAGINE AMIDASE F,"NAG,NDG",Independent Local Motion,1pgs,A,1pnf,A,,,,,,,,
#BA?V!,PHYTASE,IHP,Independent Local Motion,1dkl,B,1dkq,A,,,,,,,,
#BA?V!,GLYCOPROTEIN-FUCOSYLGALACTOSIDE ALPHA-N-ACETYLGALACTOSAMINYLTRANSFERASE,"2xAIG,2xMN,2xUDP",Independent Local Motion,2pgy,AA,1r7y,AA,,,,,,,,
#BA?V!,DIHYDROPTEROATE SYNTHASE,PMM,Independent Local Motion,2veg,B,2veg,A,,,,,,,,
#BA?V!,DNA POLYMERASE BETA,MN,Independent Local Motion,1rpl,A,1nom,A,,,,,,,,
#BA?V!,UBIQUITIN,ZN,Independent Local Motion,2znv,C,2zcc,B,,,,,,,,
#BA?V!,LEUCYL-TRNA SYNTHETASE,MET,Independent Local Motion,2ajg,B,2ajh,A,,,,,,,,
#BA?V!,TRANSDUCIN-LIKE ENHANCER PROTEIN 1,PEPT(MWRPW),Independent Local Motion,1gxr,AB,2ce9,CD,,,,,,,,
#BA?V!,HYALURONATE LYASE,"2xGC4,NAG",Independent Local Motion,1f1s,A,1i8q,A,,,,,,,,
#BA?V!,"DIPEPTIDYL AMINOPEPTIDASE IV, PUTATIVE",2xAIO,Independent Local Motion,2d5l,AA,2eep,AA,,,,,,,,
#BA?V!,PROTEIN YTNJ,"2xFMN,2xGLC",Independent Local Motion,1tvl,AA,1yw1,AA,,,,,,,,
#BA?V!,VIRULENCE SENSOR HISTIDINE KINASE PHOQ,RDC,Independent Local Motion,3cgz,C,3cgy,A,,,,,,,,
#BA?V!,MALONYL COA-ACYL CARRIER PROTEIN TRANSACYLASE,3xNI,Independent Local Motion,2qj3,A,2qj3,B,,,,,,,,
#BA?V!,ESCN,ADP,Independent Local Motion,2obl,A,2obm,A,,,,,,,,
#BA?V!,POP2,CA,Independent Local Motion,1uoc,B,1uoc,A,,,,,,,,
#BA?V!,PYRIDOXINE KINASE,ATP,Independent Local Motion,2ddm,AB,2ddo,AB,,,,,,,,
#BA?V!,LEUKOCIDIN F SUBUNIT,PC,Independent Local Motion,2lkf,A,3lkf,A,,,,,,,,
#BA?V!,DIACYLGLYCEROL KINASE DGKB,"ADP,MG",Independent Local Motion,2qvl,A,2qv7,A,,,,,,,,
#BA?V!,IDS-EPIMERASE,2xDTT,Independent Local Motion,2hp3,AB,2hp0,AB,,,,,,,,
#BA?V!,PHOSPHOHEPTOSE ISOMERASE,I22,Independent Local Motion,2i2w,BC,2i22,BC,,,,,,,,
#BA?V!,SUFC PROTEIN,"ADP,2xMG",Independent Local Motion,2d2e,A,2d2f,A,,,,,,,,
#BA?V!,SYNAPTOTAGMIN IV,CA,Independent Local Motion,1w16,A,1w15,A,,,,,,,,
#BA?V!,ODORANT BINDING PROTEIN,2xSES,Burying Ligand Motion,1obp,AB,1pbo,AB,,,,,,,,
#BA?V!,INTEGRIN ALPHA-M,MG,Burying Ligand Motion,1na5,A,1ido,A,,,,,,,,
#BA?V!,TRP OPERON REPRESSOR,2xTRP,Burying Ligand Motion,3wrp,AA,2oz9,RR,,,,,,,,
#BA?V!,MITE ALLERGEN DER F II,XPE,Burying Ligand Motion,2f08,D,1xwv,B,,,,,,,,
#BA?V!,TRYPTOPHANYL-TRNA SYNTHETASE,"TRP,TYM",Burying Ligand Motion,2quk,AA,2quj,AB,,,,,,,,
#BA?V!,REPLICASE POLYPROTEIN 1AB,APR,Burying Ligand Motion,2acf,B,2fav,B,,,,,,,,
#BA?V!,NITROREDUCTASE-LIKE FAMILY PROTEIN,2xFMN,Burying Ligand Motion,2i7h,EF,2i7h,AB,,,,,,,,
#BA?V!,SUPEROXIDE DISMUTASE,"2xCU,2xZN",Burying Ligand Motion,1ozt,MN,1spd,AB,,,,,,,,
#BA?V!,HISTIDINOL-PHOSPHATE AMINOTRANSFERASE,2xPMP,Burying Ligand Motion,1uu0,CD,1uu2,AB,,,,,,,,
#BA?V!,BETA-CRYPTOGEIN,CLR,Burying Ligand Motion,1beo,A,1lri,A,,,,,,,,
#BA?V!,SUBTILISIN NOVO,2xCA,Burying Ligand Motion,2sbt,A,1ubn,A,,,,,,,,
#BA?V!,BETA-GLUCOSIDASE,4xNTZ,Burying Ligand Motion,1hxj,AB,1v08,AB,,,,,,,,
#BA?V!,T-CELL ECTO-ADP-RIBOSYLTRANSFERASE 2,BRT,Burying Ligand Motion,1gy0,A,1gxz,B,,,,,,,,
#BA?V!,CARBONIC ANHYDRASE II,ZN,Burying Ligand Motion,1fqn,A,1xev,B,,,,,,,,
#BA?V!,SODIUM/CALCIUM EXCHANGER 1,CA,Burying Ligand Motion,2qvk,A,2qvm,A,,,,,,,,
#BA?V!,GLUCOSE-6-PHOSPHATE ISOMERASE,2xPA5,Burying Ligand Motion,1x8e,AB,1x82,AA,,,,,,,,
#BA?V!,CHORISMATE MUTASE,2xMLT,Burying Ligand Motion,2qbv,AA,2vkl,AA,,,,,,,,
#BA?V!,ACYLAMINO-ACID-RELEASING ENZYME,4NP,Burying Ligand Motion,2qzp,B,1ve7,A,,,,,,,,
#BA?V!,LIPOATE-PROTEIN LIGASE A,"AMP,LPA,MG",Burying Ligand Motion,2c7i,A,2art,A,,,,,,,,
#BA?V!,DRP35,2xCA,Burying Ligand Motion,2dg0,L,2dso,A,,,,,,,,
#BA?V!,HYPOTHETICAL PROTEIN VIOE,4xPPY,Burying Ligand Motion,2zf3,CD,2zf4,AB,,,,,,,,
#BA?V!,EGF-LIKE MODULE CONTAINING MUCIN-LIKE HORMONE RECEPTOR-LIKE 2 PRECURSOR,2xCA,Burying Ligand Motion,2box,A,2bo2,B,,,,,,,,
#BA?V!,RIBONUCLEOTIDE REDUCTASE R2,4xFE,Burying Ligand Motion,2av8,AB,1pfr,AB,,,,,,,,
#BA?V!,GLUCOSE PHOSPHATE ISOMERASE,2xPA5,Burying Ligand Motion,1jiq,AB,1nuh,AA,,,,,,,,
#BA?V!,PSORIASIN,"2xCA,ZN",Burying Ligand Motion,1psr,AB,3psr,AB,,,,,,,,
#BA?V!,GLUTAMATE [NMDA] RECEPTOR SUBUNIT 3B,DSN,Burying Ligand Motion,2rca,B,2rcb,A,,,,,,,,
#BA?V!,METHYLTHIORIBOSE-1-PHOSPHATE ISOMERASE,2xMRU,Burying Ligand Motion,2yrf,AB,2yvk,AB,,,,,,,,
#BA?V!,"2-HYDROXY-6-OXO-7-METHYLOCTA-2,4-DIENOATE HYDROLASE",2xIVA,Burying Ligand Motion,1iun,AB,1uk9,AA,,,,,,,,
#BA?V!,PRECORRIN-8X METHYLMUTASE,2xCOJ,Burying Ligand Motion,1f2v,AA,1i1h,AA,,,,,,,,
#BA?V!,OHCU DECARBOXYLASE,2xGUN,Burying Ligand Motion,2o70,CD,2o74,AB,,,,,,,,
#BA?V!,CATION EFFLUX SYSTEM PROTEIN CUSF,CU,Burying Ligand Motion,2vb3,X,2vb2,X,,,,,,,,
#BA?V!,AMINE OXIDASE,4xCU,Burying Ligand Motion,1avk,AA,1ui7,AB,,,,,,,,
#BA?V!,SIALIDASE B,DAN,Burying Ligand Motion,2vw0,A,2vw1,A,,,,,,,,
#BA?V!,SERINE HYDROLASE,HDS,Burying Ligand Motion,1evq,A,1qz3,A,,,,,,,,
#BA?V!,URIDINE 5'-MONOPHOSPHATE SYNTHASE,2xBMP,Burying Ligand Motion,2eaw,AB,3bgg,AA,,,,,,,,
#BA?V!,NON-SPECIFIC LIPID TRANSFER PROTEIN,DAO,Burying Ligand Motion,1mzl,A,1fk1,A,,,,,,,,
#BA?V!,MALONAMIDASE E2,2xMLA,Burying Ligand Motion,1o9n,AB,1ocl,AB,,,,,,,,
#BA?V!,CHALCONE--FLAVONONE ISOMERASE 1,DFV,Burying Ligand Motion,1jx1,A,1jx1,C,,,,,,,,
#BA?V!,SEP-TRNA:CYS-TRNA SYNTHASE,2xPLP,Burying Ligand Motion,2e7i,BB,2e7j,AB,,,,,,,,
#BA?V!,PYRIDOXAL PHOSPHATE PHOSPHATASE,"2xCA,2xPLP",Burying Ligand Motion,2oyc,AA,2p69,AA,,,,,,,,
#BA?V!,"2,3-DIHYDROXYBENZOATE-AMP LIGASE","AMP,DBH",Burying Ligand Motion,1mdf,A,1md9,A,,,,,,,,
#BA?V!,ARYLAMINE N-ACETYLTRANSFERASE,2xISZ,Burying Ligand Motion,1w5r,AB,1w6f,AB,,,,,,,,
#BA?V!,SERYL-TRNA SYNTHETASE,2xSSA,Burying Ligand Motion,2zr3,AB,2dq0,AB,,,,,,,,
#BA?V!,PHOSPHATIDYLETHANOLAMINE-BINDING PROTEIN 1,OPE,Burying Ligand Motion,2iqy,A,2iqx,C,,,,,,,,
#BA?V!,SUPEROXIDE DISMUTASE [FE],2xFE,Burying Ligand Motion,2bkb,CD,1za5,AB,,,,,,,,
#BA?V!,YM1 SECRETORY PROTEIN,GCS,Burying Ligand Motion,1vf8,A,1e9l,A,,,,,,,,
#BA?V!,RUBREDOXIN,FE,Burying Ligand Motion,1fhm,A,1t9p,A,,,,,,,,
#BA?V!,RIBOSE-5-PHOSPHATE ISOMERASE B,2xA6P,Burying Ligand Motion,1usl,AB,2vvo,CD,,,,,,,,
#BA?V!,"CARNITINE O-PALMITOYLTRANSFERASE II, MITOCHONDRIAL",BUI,Burying Ligand Motion,2fyo,A,2fw3,A,,,,,,,,
#BA?V!,STRICTOSIDINE SYNTHASE,TAR,Burying Ligand Motion,2fp8,B,2fp9,A,,,,,,,,
#BA?V!,RIBOFLAVIN BIOSYNTHESIS PROTEIN RIBD,RP5,Burying Ligand Motion,2g6v,AB,2obc,AB,,,,,,,,
#BA?V!,P-AMINOBENZOATE N-OXYGENASE,4NB,Burying Ligand Motion,3chi,AB,3cht,AB,,,,,,,,
#BA?V!,3-OXOACYL-[ACYL-CARRIER-PROTEIN] SYNTHASE I,2xOCA,Burying Ligand Motion,2byw,CD,2bui,AB,,,,,,,,
#BA?V!,CALCIUM-GATED POTASSIUM CHANNEL MTHK,2xCA,Burying Ligand Motion,2aej,AB,2aef,AB,,,,,,,,
#BA?V!,P2 PROTEIN,MN,Burying Ligand Motion,1wac,A,1hhs,B,,,,,,,,
#BA?V!,TROPONIN C,2xCA,Burying Ligand Motion,1ncz,A,5tnc,A,,,,,,,,
#BA?V!,CARBOXYPEPTIDASE A,ZN,Burying Ligand Motion,1arl,A,1cpx,A,,,,,,,,
#BA?V!,SH3 AND MULTIPLE ANKYRIN REPEAT DOMAINS 3,ZN,Burying Ligand Motion,2f3n,A,2f44,B,,,,,,,,
#BA?V!,INDOLE-3-GLYCEROL PHOSPHATE SYNTHASE,137,Burying Ligand Motion,1juk,A,1lbl,A,,,,,,,,
#BA?V!,10-FORMYLTETRAHYDROFOLATE DEHYDROGENASE,ZZZ,Burying Ligand Motion,2bw0,A,2cfi,A,,,,,,,,
#BA?V!,PROBABLE 2-PHOSPHOSULFOLACTATE PHOSPHATASE,2xDMR,Burying Ligand Motion,2yyv,AB,2yzo,AB,,,,,,,,
#BA?V!,"L,D-TRANSPEPTIDASE",ZN,Burying Ligand Motion,2hkl,B,1zat,A,,,,,,,,
#BA?V!,TRYPTOPHAN HALOGENASE,"ADN,FAD,2xTRP",Burying Ligand Motion,2oam,AB,2oa1,AB,,,,,,,,
#BA?V!,3-METHYLASPARTATE AMMONIA-LYASE,"2x3MD,2xMG",Burying Ligand Motion,1kko,AB,1kkr,AB,,,,,,,,
#BA?V!,34 KDA MEMBRANE ANTIGEN,3xZN,Burying Ligand Motion,2o6f,AB,2o6e,AB,,,,,,,,
#BA?V!,CATECHOL OXIDASE,"2xCU,URS",Burying Ligand Motion,1bt2,B,1bug,A,,,,,,,,
#BA?V!,RUBRERYTHRIN,"4xFE,2xZN",Burying Ligand Motion,1lkp,AA,1dvb,AA,,,,,,,,
#BA?V!,ASTACIN,CU,Burying Ligand Motion,1iad,A,1iaa,A,,,,,,,,
#BA?V!,GLYCEROPHOSPHORYL DIESTER PHOSPHODIESTERASE,ZN,Burying Ligand Motion,2p76,D,2oog,F,,,,,,,,
#BA?V!,JMJC DOMAIN-CONTAINING HISTONE DEMETHYLATION PROTEIN 1A,AKG,Burying Ligand Motion,2yu2,A,2yu1,A,,,,,,,,
#BA?V!,COCAINE ESTERASE,BEZ,Burying Ligand Motion,1l7r,A,1ju4,A,,,,,,,,
#BA?V!,EXO-BETA-D-GLUCOSAMINIDASE,GCS,Burying Ligand Motion,2vzo,B,2vzs,A,,,,,,,,
#BA?V!,DESULFOREDOXIN,2xFE,Burying Ligand Motion,1dcd,AB,1dxg,AB,,,,,,,,
#BA?V!,EPOXIDE HYDROLASE EPHB,BSU,Burying Ligand Motion,2e3j,A,2zjf,A,,,,,,,,
#BA?V!,D7R4 PROTEIN,LNR,Burying Ligand Motion,2qev,A,2qeo,B,,,,,,,,
#BA?V!,SHORT-CHAIN Z-ISOPRENYL DIPHOSPHATE SYNTHETASE,2xGPP,Burying Ligand Motion,2vfw,AB,2vg0,AB,,,,,,,,
#BA?V!,BETA-HYDROXYDECANOYL THIOL ESTER DEHYDRASE,2xDAC,Burying Ligand Motion,1mkb,AB,1mka,AB,,,,,,,,
#BA?V!,GLYOXALASE I,2xNI,Burying Ligand Motion,1fa8,AB,1f9z,AB,,,,,,,,
#BA?V!,HYDROXYNITRILE LYASE,2xHIS,Burying Ligand Motion,3c6y,AA,1yas,AA,,,,,,,,
#BA?V!,ERMC' RRNA METHYLTRANSFERASE,SFG,Burying Ligand Motion,1qam,A,1qaq,A,,,,,,,,
#BA?V!,LIPASE A,PG4,Burying Ligand Motion,2veo,B,2veo,A,,,,,,,,
#BA?V!,BICARBONATE TRANSPORTER,CA,Burying Ligand Motion,2i49,A,2i4c,A,,,,,,,,
#BA?V!,PKS18,2xMYR,Burying Ligand Motion,1tee,CD,1ted,CD,,,,,,,,
#BA?V!,ISOPENTENYL-DIPHOSPHATE DELTA-ISOMERASE,MG,Burying Ligand Motion,1hzt,A,1r67,A,,,,,,,,
#BA?V!,ALDOSE 1-EPIMERASE,GAL,Burying Ligand Motion,1snz,B,1so0,A,,,,,,,,
#BA?V!,HYPOTHETICAL PROTEIN SLR1257,2xGLU,Burying Ligand Motion,1iiw,AA,1ii5,AA,,,,,,,,
#BA?V!,METHIONINE AMINOPEPTIDASE 1,2xCO,Burying Ligand Motion,2b3l,A,2b3h,A,,,,,,,,
#BA?V!,PHENYLALANINE-4-HYDROXYLASE,2xFE,Burying Ligand Motion,2v28,AB,2v27,AB,,,,,,,,
#BA?V!,ESTERASE,2xDEP,Burying Ligand Motion,1esc,AA,1ese,AA,,,,,,,,
#BA?V!,ADP-RIBOSYLGLYCOHYDROLASE,2xMG,Burying Ligand Motion,2cwc,A,2yzv,A,,,,,,,,
#BA?V!,NUCLEOSIDE 2-DEOXYRIBOSYLTRANSFERASE,2x12M,Burying Ligand Motion,2a0k,AB,2f62,AB,,,,,,,,
#BA?V!,XAA-PRO DIPEPTIDASE,4xMN,Burying Ligand Motion,2iw2,AB,2okn,AB,,,,,,,,
#BA?V!,180AA LONG HYPOTHETICAL PYRAZINAMIDASE/NICOTINAMIDASE,ZN,Burying Ligand Motion,1ilw,A,1im5,A,,,,,,,,
#BA?V!,RIBOSOME BIOGENESIS PROTEIN NEP1-LIKE,2xSFG,Burying Ligand Motion,3bbe,AB,3bbh,AB,,,,,,,,
#BA?V!,NICOTINATE-NUCLEOTIDE--DIMETHYLBENZIMIDAZOLE PHOSPHORIBOSYLTRANSFERASE,"2x7RP,2xNIO",Burying Ligand Motion,1l5n,AA,1l5l,AA,,,,,,,,
#BA?V!,ESTERASE YBFF,MLA,Burying Ligand Motion,3bf7,A,3bf8,B,,,,,,,,
#BA?V!,"GLUCOSE-6-PHOSPHATE ISOMERASE, CONJECTURAL",2xPA5,Burying Ligand Motion,1tzb,AB,1tzc,AB,,,,,,,,
#BA?V!,DIHYDROXYACETONE KINASE,2xG3H,Burying Ligand Motion,1oi2,AB,1uod,AB,,,,,,,,
#BA?V!,325AA LONG HYPOTHETICAL PROTEIN,2xF1P,Burying Ligand Motion,02-Dec,AB,2df8,AB,,,,,,,,
#BA?V!,LIPOCALIN,HSM,Burying Ligand Motion,3bu9,A,3bu1,A,,,,,,,,
#BA?V!,AECTYLCITRULLINE DEACETYLASE,2xCO,Burying Ligand Motion,2f8h,AA,2f7v,AA,,,,,,,,
#BA?V!,LIPOYLTRANSFERASE,OC9,Burying Ligand Motion,2qht,A,2qhv,A,,,,,,,,
#BA?V!,RIBOSE 5-PHOSPHATE ISOMERASE,2x5RP,Burying Ligand Motion,1uj4,AA,1uj5,AA,,,,,,,,
#BA?V!,EPIDERMAL GROWTH FACTOR RECEPTOR,AEE,No Significant Motion,1m14,A,2itp,A,,,,,,,,
#BA?V!,TALIN,PEPT(GSHAWDTAN),No Significant Motion,1mix,A,1miz,B,,,,,,,,
#BA?V!,NUDIX HOMOLOG,2xNI,No Significant Motion,1jrk,CD,1k2e,AB,,,,,,,,
#BA?V!,CELL DIVISION PROTEIN FTSZ HOMOLOG 1,GTP,No Significant Motion,1w59,B,1w5e,E,,,,,,,,
#BA?V!,MONO-ADP-RIBOSYLTRANSFERASE C3,NAD,No Significant Motion,1g24,C,1gzf,B,,,,,,,,
#BA?V!,CHROMOSOME PARTITIONING PROTEIN PARB,2xCO,No Significant Motion,1vz0,BG,1vz0,AC,,,,,,,,
#BA?V!,CHORISMATE MUTASE,TRP,No Significant Motion,2f6l,AB,2ao2,BC,,,,,,,,
#BA?V!,AMYLOID BETA A4 PROTEIN-BINDING FAMILY B MEMBER 1,PEPT(PPPPPPLPP),No Significant Motion,2idh,D,2oei,A,,,,,,,,
#BA?V!,TAX1-BINDING PROTEIN 3,PEPT(QLAWFDTDL),No Significant Motion,3dj1,A,3diw,A,,,,,,,,
#BA?V!,CTD SMALL PHOSPHATASE-LIKE PROTEIN,2xKEG,No Significant Motion,2hhl,B,2hhl,A,,,,,,,,
#BA?V!,NON-CATALYTIC PROTEIN 1,"4xBGC,CO,GLC",No Significant Motion,1w90,A,1gwm,A,,,,,,,,
#BA?V!,HEPARIN-BINDING GROWTH FACTOR 1,SCR,No Significant Motion,2j3p,A,2uus,A,,,,,,,,
#BA?V!,CUA,ZN,No Significant Motion,2cua,A,2cua,B,,,,,,,,
#BA?V!,SMALL INDUCIBLE CYTOKINE A5,H3S,No Significant Motion,1u4r,AB,1u4m,AB,,,,,,,,
#BA?V!,RIBONUCLEASE III,2xMG,No Significant Motion,1i4s,AB,1rc5,CD,,,,,,,,
#BA?V!,PCF11 PROTEIN,PEPT(PSYSPTSPS),No Significant Motion,1sza,C,1sza,B,,,,,,,,
#BA?V!,DNA POLYMERASE III,PEPT(RQLVLGL),No Significant Motion,1mmi,AB,1ok7,AB,,,,,,,,
#BA?V!,PEROXISOMAL MEMBRANE PROTEIN PAS20,PEPT(MPPTLPHRDW),No Significant Motion,1jqq,D,1n5z,A,,,,,,,,
#BA?V!,HIGH-AFFINITY BRANCHED CHAIN AMINO ACID TRANSPORT ATP-BINDING PROTEIN,ADP,No Significant Motion,1gaj,A,1g6h,A,,,,,,,,
#BA?V!,GAMMA-AMINOBUTYRIC ACID RECEPTOR-ASSOCIATED PROTEIN,PEPT(DATYTWEHLAWP),No Significant Motion,1gnu,A,3d32,B,,,,,,,,
#BA?V!,GALECTIN-7,"GAL,GLC",No Significant Motion,5gal,A,4gal,B,,,,,,,,
#BA?V!,ALANINE DEHYDROGENASE,2xNAD,No Significant Motion,1vll,AB,1omo,AB,,,,,,,,
#BA?V!,ESCU,PRO,No Significant Motion,3bzt,A,3c03,A,,,,,,,,
#BA?V!,ACETOIN UTILIZATION PROTEIN,CA,No Significant Motion,2q04,E,2q04,C,,,,,,,,
#BA?V!,PEPTIDYL-TRNA HYDROLASE,ZN,No Significant Motion,1wn2,AA,2d3k,AB,,,,,,,,
#BA?V!,HYPOTHETICAL PROTEIN PH1109,COA,No Significant Motion,2d59,A,2d5a,A,,,,,,,,
#BA?V!,DNA POLYMERASE,NI,No Significant Motion,1wns,A,1wn7,A,,,,,,,,
#BA?V!,TOPRIM DOMAIN-CONTAINING PROTEIN,MG,No Significant Motion,2fcj,C,2i5r,B,,,,,,,,
#BA?V!,PLATELET-ACTIVATING FACTOR ACETYLHYDROLASE IB ALPHA SUBUNIT,BEZ,No Significant Motion,1uuj,AB,1uuj,CD,,,,,,,,
#BA?V!,HEAT-SHOCK TRANSCRIPTION FACTOR,RNA(NNNN),No Significant Motion,2hts,A,1fyk,A,,,,,,,,
#BA?V!,3-PHOSPHOINOSITIDE DEPENDENT PROTEIN KINASE-1,4IP,No Significant Motion,1w1h,B,1w1d,A,,,,,,,,
#BA?V!,HEAT SHOCK PROTEIN 90,CXZ,No Significant Motion,1yes,A,3bmy,A,,,,,,,,
#BA?V!,THIOREDOXIN,CU,No Significant Motion,2h74,B,1tho,A,,,,,,,,
#BA?V!,ALPHA-AMYLASE G-6,2xGLC,No Significant Motion,2c3g,A,2c3h,B,,,,,,,,
#BA?V!,PEPTIDYL-PROLYL CIS-TRANS ISOMERASE-LIKE 3,"BMT,2xMLE,MVA",No Significant Motion,2ok3,A,2oju,B,,,,,,,,
#BA?V!,SOLUBLE CYTOCHROME B562,HEM,No Significant Motion,1m6t,A,1lm3,D,,,,,,,,
#BA?V!,CARBOXYMETHYLATED RHODANESE,LPA,No Significant Motion,1orb,A,1dp2,A,,,,,,,,
#BA?V!,CHEMOTAXIS PROTEIN CHEY,PEPT(SILSQAEIDALLN),No Significant Motion,1u8t,C,1u8t,B,,,,,,,,
#BA?V!,ENTEROCINE A IMMUNITY PROTEIN,FLC,No Significant Motion,2bl7,A,2bl8,B,,,,,,,,
#BA?V!,PEPTIDE N-GLYCANASE HOMOLOG,PEPT(DDLYG),No Significant Motion,2ccq,A,2hpl,A,,,,,,,,
#BA?V!,SPLICING FACTOR 45,PEPT(KRKSRWDETP),No Significant Motion,2pe8,A,2peh,A,,,,,,,,
#BA?V!,PUTATIVE CORONAVIRUS NSP2 (3CL-PRO),PEPT(VNSTLQ),No Significant Motion,1p9u,A,1p9u,B,,,,,,,,
#BA?V!,ALGINATE LYASE,"BEM,2xLGU,MAW",No Significant Motion,2z42,A,2zaa,A,,,,,,,,
#BA?V!,HEPATOCYTE GROWTH FACTOR,"IDS,3xSGN",No Significant Motion,1nk1,AB,1gmo,EF,,,,,,,,
#BA?V!,RADIXIN,PEPT(QKKKLVING),No Significant Motion,2d2q,B,2zpy,A,,,,,,,,
#BA?V!,ACYL CARRIER PROTEIN,PM8,No Significant Motion,1l0h,A,2fae,A,,,,,,,,
#BA?V!,CUTINASE,DFP,No Significant Motion,1xze,A,1xzk,A,,,,,,,,
#BA?V!,WD-REPEAT PROTEIN 5,PEPT(ARTKQ),No Significant Motion,2h68,B,2g9a,A,,,,,,,,
#BA?V!,GLGA GLYCOGEN SYNTHASE,GLC,No Significant Motion,2bis,B,2bis,A,,,,,,,,
#BA?V!,CELL DIVISION PROTEIN ZIPA,WAI,No Significant Motion,1f46,A,1y2f,A,,,,,,,,
#BA?V!,ALPHA-AMYLASE G-6,6xGLC,No Significant Motion,2c3v,B,2c3w,B,,,,,,,,
#BA?V!,RESPONSE REGULATOR RCP1,MN,No Significant Motion,1i3c,AB,1jlk,AB,,,,,,,,
#BA?V!,AEROLYSIN,2xM6P,No Significant Motion,1z52,AB,3c0o,AB,,,,,,,,
#BA?V!,PROFILIN,PEPT(PPPPPPPPPP),No Significant Motion,1fil,A,1awi,A,,,,,,,,
#BA?V!,GUANINE NUCLEOTIDE DISSOCIATION INHIBITOR,GER,No Significant Motion,1gnd,A,1lv0,A,,,,,,,,
#BA?V!,ALANYL-TRNA SYNTHETASE,"ATP,2xMG",No Significant Motion,1yft,A,1yfr,B,,,,,,,,
#BA?V!,STRINGENT STARVATION PROTEIN B,3xPEPT(AANDENYA),No Significant Motion,1ox8,AB,1ox9,CD,,,,,,,,
#BA?V!,FLAVIN REDUCTASE (HPAC) OF 4- HYDROXYPHENYLACETATE 3-MONOOXYGENAE,"2xFAD,2xNAD",No Significant Motion,2ecr,AB,2ed4,AB,,,,,,,,
#BA?V!,HPV11 REGULATORY PROTEIN E2,2x434,No Significant Motion,1r6k,A,1r6n,A,,,,,,,,
#BA?V!,FK506-BINDING PROTEIN 4,PEPT(MEEVD),No Significant Motion,1p5q,B,1qz2,B,,,,,,,,
#BA?V!,ADP-RIBOSYLATION FACTOR BINDING PROTEIN GGA1,PEPT(DLLHI),No Significant Motion,1jwf,A,1jwg,B,,,,,,,,
#BA?V!,NICOTINAMIDE PHOSPHORIBOSYLTRANSFERASE,2xNMN,No Significant Motion,2gvl,AB,2gvg,AC,,,,,,,,
#BA?V!,M32 CARBOXYPEPTIDASE,2xMG,No Significant Motion,1k9x,BC,1ka2,AA,,,,,,,,
#BA?V!,"ENDO-1,4-BETA-XYLANASE A",5xXYP,No Significant Motion,2dcz,B,2qz3,B,,,,,,,,
#BA?V!,PROLINE IMINOPEPTIDASE,2xPRO,No Significant Motion,1xqv,A,1xrr,A,,,,,,,,
#BA?V!,BOVINE GALECTIN-1,"GAL,NAG",No Significant Motion,1slc,CD,1slb,CD,,,,,,,,
#BA?V!,TDP-FUCOSAMINE ACETYLTRANSFERASE,2xACO,No Significant Motion,2fs5,AB,2ft0,AB,,,,,,,,
#BA?V!,DUAL SPECIFICITY PHOSPHATASE-LIKE 15 ISOFORM A,BOG,No Significant Motion,1yz4,B,1yz4,A,,,,,,,,
#BA?V!,PHOSPHOLIPASE A2,CA,No Significant Motion,1lwb,A,1kp4,A,,,,,,,,
#BA?V!,"ENDO-1,4-BETA-D-XYLANASE",9xXYS,No Significant Motion,2d1z,B,2d24,A,,,,,,,,
#BA?V!,PUTATIVE METHYLTRANSFERASE,SAM,No Significant Motion,2ckd,A,2uyq,A,,,,,,,,
#BA?V!,50S RIBOSOMAL PROTEIN L9,ZN,No Significant Motion,2hvf,A,2hba,B,,,,,,,,
#BA?V!,THAUMATIN I,TAR,No Significant Motion,1pp3,A,2oqn,A,,,,,,,,
#BA?V!,PSP OPERON TRANSCRIPTIONAL ACTIVATOR,ATP,No Significant Motion,2bjw,A,2c9c,A,,,,,,,,
#BA?V!,GRIFFITHSIN,7xGLC,No Significant Motion,2gty,AB,2hyr,AB,,,,,,,,
#BA?V!,NUCLEAR PORE COMPLEX PROTEIN NUP98,PEPT(YGL),No Significant Motion,2q5x,A,2q5y,A,,,,,,,,
#BA?V!,"ENDO-1,4-BETA-XYLANASE A",2xXYP,No Significant Motion,1knl,A,1mc9,A,,,,,,,,
#BA?V!,"ALPHA-D-GLUCOSE-1,6-BISPHOSPHATE",MG,No Significant Motion,1lxt,B,3pmg,A,,,,,,,,
#BA?V!,SUCCINOGLYCAN BIOSYNTHESIS PROTEIN,CA,No Significant Motion,2rad,B,3b55,A,,,,,,,,
#BA?V!,HYPOTHETICAL PROTEIN YODA,2xZN,No Significant Motion,1oee,A,1oek,A,,,,,,,,
#BA?V!,CARNITINE ACETYLTRANSFERASE,COA,No Significant Motion,1t7n,A,1ndi,A,,,,,,,,
#BA?V!,PROBABLE F420-DEPENDENT GLUCOSE-6-PHOSPHATE DEHYDROGENASE FGD1,"2xF42,2xFLC",No Significant Motion,3c8n,AB,3b4y,AB,,,,,,,,
#BA?V!,DUAL SPECIFICITY PROTEIN PHOSPHATASE 3,PEPT(DDEATGYVATR),No Significant Motion,1vhr,B,1j4x,A,,,,,,,,
#BA?V!,SIALIC ACID-BINDING IG-LIKE LECTIN 5,SIA,No Significant Motion,2zg2,A,2zg1,A,,,,,,,,
#BA?V!,HEAT RESISTANT RNA DEPENDENT ATPASE,"2xAMP,3xCA",No Significant Motion,2gxu,AA,2gxs,AB,,,,,,,,
#BA?V!,BILIVERDIN REDUCTASE A,2xNAD,No Significant Motion,1gcu,A,1lc3,A,,,,,,,,
#BA?V!,ACETYLCHOLINESTERASE,"2xA2E,3xNAG",No Significant Motion,1qim,AA,1zgc,AB,,,,,,,,
#BA?V!,APOLIPOPROTEIN,ACA,No Significant Motion,4kiv,A,3kiv,A,,,,,,,,
#BA?V!,"ATP SYNTHASE SUBUNIT S, MITOCHONDRIAL",PA0,No Significant Motion,3e2j,D,3e3z,A,,,,,,,,
#BA?V!,PECTATE LYASE,"3xADA,CA",No Significant Motion,1gxm,A,1gxo,A,,,,,,,,
#BA?V!,NEOCARZINOSTATIN,2xTH2,No Significant Motion,2cbm,A,2cbo,A,,,,,,,,
#BA?V!,INOSITOL POLYPHOSPHATE MULTIKINASE,"ADP,MN",No Significant Motion,2if8,B,2if8,A,,,,,,,,
#BA?V!,VIRGINIAMYCIN B LYASE,"DOL,2xMG,SYB",No Significant Motion,2z2n,A,2z2p,B,,,,,,,,
#BA?V!,ADRENODOXIN 1,RUA,No Significant Motion,1ayf,B,2bt6,B,,,,,,,,
#BA?V!,"FRUCTOSE-2,6-BISPHOSPHATASE",2xGTP,No Significant Motion,1fbt,AB,1c80,AB,,,,,,,,
#BA?V!,DIHYDROFOLATE REDUCTASE,"2xMTX,2xNDP",No Significant Motion,1cz3,AB,1d1g,AB,,,,,,,,
#BA?V!,KELCH-LIKE ECH-ASSOCIATED PROTEIN 1,PEPT(LDEETGEFL),No Significant Motion,1x2j,A,1x2r,A,,,,,,,,
#BA?V!,E3 UBIQUITIN-PROTEIN LIGASE UHRF1,UNL,No Significant Motion,3dwh,A,3bi7,A,,,,,,,,
#BA?V!,QUINOLINATE ACID PHOSPHORIBOSYL TRANSFERASE,"2xPHT,2xPPC",No Significant Motion,1qpo,AB,1qpr,EF,,,,,,,,
#BA?V!,SYNAPSE ASSOCIATED PROTEIN 97,PEPT(ATGL),No Significant Motion,2awx,A,2g2l,A,,,,,,,,
#BA?V!,AGGLUTININ ISOLECTIN 1,"2xNAG,5xNDG",No Significant Motion,1wgc,AA,2uvo,AB,,,,,,,,
#BA?V!,HELIX-TURN-HELIX MOTIF,2xCIT,No Significant Motion,2a6c,AA,2a6c,BB,,,,,,,,
#BA?V!,HISTONE HMFB,2xZN,No Significant Motion,1b6w,AA,1a7w,AA,,,,,,,,
#BA?V!,SUN PROTEIN,SAM,No Significant Motion,1sqg,A,1sqf,A,,,,,,,,
#BA?V!,MYO-INOSITOL HEXAPHOSPHATE PHOSPHOHYDROLASE,2xIHS,No Significant Motion,1u24,B,1u26,A,,,,,,,,
#BA?V!,"1,3-1,4-BETA-GLUCANASE","BGC,CA,GLC",No Significant Motion,1glh,A,1byh,A,,,,,,,,
#BA?V!,GLUCOSAMINE 6-PHOSPHATE N-ACETYLTRANSFERASE,"16G,2xCOA",No Significant Motion,2huz,AB,2o28,AB,,,,,,,,
#BA?V!,L-3-HYDROXYACYL-COA DEHYDROGENASE,3HC,No Significant Motion,1f14,AB,1f12,AB,,,,,,,,
#BA?V!,DNA LIGASE-LIKE PROTEIN RV0938/MT0965,"DGT,MN",No Significant Motion,2iru,A,2iry,B,,,,,,,,
#BA?V!,FERROCHELATASE,MMP,No Significant Motion,2h1v,A,1c1h,A,,,,,,,,
#BA?V!,PROTEIN CYAY,CO,No Significant Motion,1ew4,A,2eff,A,,,,,,,,
#BA?V!,COENZYME F420H2:NADP+ OXIDOREDUCTASE (FNO),"2xF42,2xNAP",No Significant Motion,1jax,AB,1jay,AB,,,,,,,,
#BA?V!,SEGREGATION PROTEIN,"2xADP,2xMG",No Significant Motion,1wcv,11,2bej,AA,,,,,,,,
#BA?V!,D-ALANYL-D-ALANINE CARBOXYPEPTIDASE,NCF,No Significant Motion,1w79,D,1w8y,B,,,,,,,,
#BA?V!,AVIRULENCE B PROTEIN,ADP,No Significant Motion,1nh1,A,2nun,A,,,,,,,,
#BA?V!,FACT COMPLEX SUBUNIT SPT16,B3P,No Significant Motion,3cb6,A,3cb5,A,,,,,,,,
#BA?V!,HYPOTHETICAL PROTEIN YDCE,BEZ,No Significant Motion,1gyj,AB,1gyx,AB,,,,,,,,
#BA?V!,MANNOSE/GLUCOSE-SPECIFIC LECTIN,6xXMM,No Significant Motion,1zgr,AB,1zgs,AB,,,,,,,,
#BA?V!,PROTEIN KINASE C INTERACTING PROTEIN,2xAMP,No Significant Motion,1kpc,AB,1kpf,AA,,,,,,,,
#BA?V!,AMINOADIPATE-SEMIALDEHYDE DEHYDROGENASE- PHOSPHOPANTETHEINYL TRANSFERASE,"COA,MG",No Significant Motion,2byd,A,2c43,A,,,,,,,,
#BA?V!,METHIONINE REPRESSOR PROTEIN METJ,2xSAM,No Significant Motion,1cmb,AB,1mjl,AB,,,,,,,,
#BA?V!,LYSOZYME,"AMV,DGL,NAG",No Significant Motion,1h09,A,2j8g,A,,,,,,,,
#BA?V!,CHEMOTAXIS PROTEIN MOTB,AMU,No Significant Motion,3cyp,BC,3cyq,KL,,,,,,,,
#BA?V!,PUTATIVE DIOXYGENASE,CIT,No Significant Motion,2nyh,AB,2p8i,CD,,,,,,,,
#BA?V!,FATTY ACID SYNTHASE,COA,No Significant Motion,2jfd,A,2jfk,D,,,,,,,,
#BA?V!,MRNA CAPPING ENZYME,GTG,No Significant Motion,1ri5,A,1ri2,A,,,,,,,,
#BA?V!,ALPHA-11 GIARDIN,CA,No Significant Motion,2ii2,A,2iic,B,,,,,,,,
#BA?V!,SULFOLOBUS SOLFATARICUS PROTEIN TYROSINE PHOSPHATASE,4NP,No Significant Motion,2i6i,A,2i6p,A,,,,,,,,
#BA?V!,PROTEASE,AB1,No Significant Motion,1tw7,AB,1rv7,AB,,,,,,,,
#BA?V!,NEUROTOXIN ALPHA-IT,DR8,No Significant Motion,2atb,B,2asc,A,,,,,,,,
#BA?V!,CHAPERONE PROTEIN HCHA,2xZN,No Significant Motion,1n57,AA,1ons,AA,,,,,,,,
#BA?V!,70-KDA SOLUBLE LYTIC TRANSGLYCOSYLASE,BLG,No Significant Motion,1qsa,A,1sly,A,,,,,,,,
#BA?V!,NH(3)-DEPENDENT NAD(+) SYNTHETASE,"2xATP,2xDND",No Significant Motion,1xnh,AA,1xng,AB,,,,,,,,
#BA?V!,CAPSID PROTEIN,2xFUC,No Significant Motion,2obr,AA,2obt,AA,,,,,,,,
#BA?V!,PAPAIN,"LYM,TOS",No Significant Motion,1ppn,A,4pad,A,,,,,,,,
#BA?V!,THREONYL-TRNA SYNTHETASE,SSA,No Significant Motion,1tje,A,1tkg,A,,,,,,,,
#BA?V!,HEAT SHOCK PROTEIN 90,2xADP,No Significant Motion,1ah6,AA,1amw,AA,,,,,,,,
#BA?V!,GALECTIN-9,"A2G,GAL,NGA",No Significant Motion,2eak,B,2eal,B,,,,,,,,
#BA?V!,ISOLEUCYL-TRNA SYNTHETASE,VMS,No Significant Motion,1wny,A,1wk8,B,,,,,,,,
#BA?V!,5-METHYLTETRAHYDROFOLATE CORRINOID/IRON SULFUR PROTEIN METHYLTRANSFERASE,"2xC2F,CA",No Significant Motion,1f6y,AB,2ogy,AB,,,,,,,,
#BA?V!,ADP-RIBOSYLATION FACTOR BINDING PROTEIN GGA1,PEPT(DDFGGFEAAET),No Significant Motion,1na8,B,1om9,A,,,,,,,,
#BA?V!,GLUCOAMYLASE,2xACR,No Significant Motion,1ayx,A,2f6d,A,,,,,,,,
#BA?V!,EOSINOPHIL GRANULE MAJOR BASIC PROTEIN 1,SGN,No Significant Motion,1h8u,B,2brs,B,,,,,,,,
#BA?V!,RIBONUCLEASE MC,MN,No Significant Motion,1bk7,A,1ucg,A,,,,,,,,
#BA?V!,HISTIDINOL DEHYDROGENASE,"DTT,HSO,2xNAD,2xZN",No Significant Motion,1k75,AB,1kae,AB,,,,,,,,
#BA?V!,RIBONUCLEASE II FAMILY PROTEIN,MG,No Significant Motion,2r7f,A,2r7d,A,,,,,,,,
#BA?V!,ENDO-BETA-N-ACETYLGLUCOSAMINIDASE H,ZN,No Significant Motion,1c3f,A,1c8y,A,,,,,,,,
#BA?V!,PUTATIVE DINUCLEOTIDE-BINDING OXIDOREDUCTASE,NAP,No Significant Motion,2raf,CC,2raf,AB,,,,,,,,
#BA?V!,DEACETOXYCEPHALOSPORIN C SYNTHASE,"FE,P1C",No Significant Motion,1w28,A,1w2o,A,,,,,,,,
#BA?V!,3-HYDROXY-3-METHYLGLUTARYL-COENZYME A REDUCTASE,LVA,No Significant Motion,1r7i,AB,1t02,AB,,,,,,,,
#BA?V!,HYPOTHETICAL UPF0052 PROTEIN BH3568,2xNAD,No Significant Motion,2hzb,CD,2o2z,CD,,,,,,,,
#BA?V!,MITOTIC SPINDLE ASSEMBLY CHECKPOINT PROTEIN MAD2A,PE3,No Significant Motion,2vfx,D,2vfx,F,,,,,,,,
#BA?V!,RNA-BINDING PROTEIN 16,PEPT(YP),No Significant Motion,3d9i,B,3d9p,A,,,,,,,,
#BA?V!,HYPOTHETICAL TRNA/RRNA METHYLTRANSFERASE HI0766,2xSAH,No Significant Motion,1j85,AA,1mxi,AA,,,,,,,,
#BA?V!,PHOSPHATIDYLINOSITOL-SPECIFIC PHOSPHOLIPASE C,MYG,No Significant Motion,4ptd,A,1gym,A,,,,,,,,
#BA?V!,COPPER HOMEOSTASIS PROTEIN CUTC,CA,No Significant Motion,1twd,AB,1x8c,AB,,,,,,,,
#BA?V!,AEROBIC RESPIRATION CONTROL SENSOR PROTEIN ARCB,ZN,No Significant Motion,1bdj,B,2a0b,A,,,,,,,,
#BA?V!,"TRANSPOSASE, PUTATIVE",2xMN,No Significant Motion,2f5g,AB,2f4f,AB,,,,,,,,
#BA?V!,PECTIN METHYLESTERASE,"ADA,3xM8C",No Significant Motion,1qjv,A,2nt9,A,,,,,,,,
#BA?V!,PROTEIN TM_1862,CXS,No Significant Motion,2qgq,G,2qgq,A,,,,,,,,
#BA?V!,AKAP18 DELTA,AMP,No Significant Motion,2vfy,A,2vfk,A,,,,,,,,
#BA?V!,MALATE OXIDOREDUCTASE,2xNAD,No Significant Motion,1ww8,AB,2dvm,AB,,,,,,,,
#BA?V!,ENTEROCHELIN ESTERASE,2xCIT,No Significant Motion,3c8h,CD,3c8d,CD,,,,,,,,
#BA?V!,SYNTENIN 1,"PEPT(NEFYA),PEPT(TNEFYA)",No Significant Motion,1r6j,A,1oby,A,,,,,,,,
#BA?V!,EPIDERMOLYTIC TOXIN A,GLY,No Significant Motion,1agj,A,1exf,A,,,,,,,,
#BA?V!,TT0826,DTT,No Significant Motion,1v8q,C,1v8q,D,,,,,,,,
#BA?V!,CHITOSANASE,"GCS,NAG",No Significant Motion,2d05,A,1qgi,A,,,,,,,,
#BA?V!,LONG-CHAIN FATTY ACID TRANSPORT PROTEIN,3xC8E,No Significant Motion,2r88,A,2r8a,A,,,,,,,,
#BA?V!,STAGE V SPORULATION PROTEIN S (SPOVS) RELATED PROTEIN,ZN,No Significant Motion,2eh1,A,2eh1,B,,,,,,,,
#BA?V!,NUCLEAR TRANSPORT FACTOR 2,"PEPT(GFSF),PEPT(FSF)",No Significant Motion,1gy7,CD,1gyb,CD,,,,,,,,
#BA?V!,ENDOGLUCANASE,CBI,No Significant Motion,1l8f,A,1oa7,A,,,,,,,,
#BA?V!,PROBABLE ATP-DEPENDENT DNA LIGASE,"ATP,2xMN",No Significant Motion,2fao,A,2faq,B,,,,,,,,
#BA?V!,DNA-(APURINIC OR APYRIMIDINIC SITE) LYASE,MG,No Significant Motion,1e9n,B,2isi,B,,,,,,,,
#BA?V!,METHIONINE AMINOPEPTIDASE,"PEPT(AL),AHH,2xCO",No Significant Motion,4mat,A,3mat,A,,,,,,,,
#BA?V!,TYROSINE-PROTEIN PHOSPHATASE YIL113W,"MG,PTR",No Significant Motion,2j16,B,2j17,A,,,,,,,,
#BA?V!,KETOHEXOKINASE,"2xANP,2xFRU",No Significant Motion,2hqq,AA,2hw1,AA,,,,,,,,
#BA?V!,OUTER MEMBRANE PROTEIN X,C8E,No Significant Motion,1qj9,A,1qj8,A,,,,,,,,
#BA?V!,CDC14B2 PHOSPHATASE,PEPT(ASP),No Significant Motion,1ohd,A,1ohe,A,,,,,,,,
#BA?V!,WERNER SYNDROME HELICASE,"DGP,MN",No Significant Motion,2fbt,A,2fc0,A,,,,,,,,
#BA?V!,PROLYL ENDOPEPTIDASE,"PRO,SIN",No Significant Motion,1vz2,A,1o6g,A,,,,,,,,
#BA?V!,E3 UBIQUITIN-PROTEIN LIGASE UHRF1,PEPT(RKS),No Significant Motion,3db4,A,3db3,A,,,,,,,,
#BA?V!,COAGULATION FACTOR V,PHG,No Significant Motion,1czt,A,1czs,A,,,,,,,,
#BA?V!,DISULFIDE OXIDOREDUCTASE,PEPT(XXXXXXXX),No Significant Motion,2rem,A,2rem,C,,,,,,,,
#BA?V!,PREPROTEIN TRANSLOCASE SECA 1 SUBUNIT,"2xADP,MG",No Significant Motion,1nl3,AB,1nkt,AB,,,,,,,,
#BA?V!,DNA INTEGRITY SCANNING PROTEIN DISA,2BA,No Significant Motion,3c1z,A,3c1y,B,,,,,,,,
#BA?V!,BETA FRUCTOSIDASE,"CIT,GLA,SUC",No Significant Motion,1uyp,D,1w2t,A,,,,,,,,
#BA?V!,DELTA1-PIPERIDEINE-2-CARBOXYLATE REDUCTASE,"2xNDP,2xPYC",No Significant Motion,1wtj,AB,2cwh,AB,,,,,,,,
#BA?V!,YCGJ PROTEIN,SAM,No Significant Motion,1xxl,A,2glu,B,,,,,,,,
#BA?V!,T-CELL IMMUNOGLOBULIN AND MUCIN DOMAIN- CONTAINING PROTEIN 4,PSF,No Significant Motion,3bi9,X,3bib,X,,,,,,,,
#BA?V!,EPOXIDE HYDROLASE,2xCDU,No Significant Motion,1cqz,AB,1ek2,AB,,,,,,,,
#BA?V!,GLUCURONOSYLTRANSFERASE GUMK,UDP,No Significant Motion,2hy7,A,2q6v,A,,,,,,,,
#BA?V!,RIBONUCLEASE HIII,MN,No Significant Motion,2d0a,A,2d0c,A,,,,,,,,
#BA?V!,ENDOCHITINASE,H33,No Significant Motion,2uy2,A,2uy3,A,,,,,,,,
#BA?V!,LYSINE BIOSYNTHESIS ENZYME,2xADP,No Significant Motion,1uc8,AB,1uc9,AB,,,,,,,,
#BA?V!,SQUALENE-HOPENE CYCLASE,4xC8E,No Significant Motion,3sqc,A,2sqc,A,,,,,,,,
#BA?V!,FORMATE ACETYLTRANSFERASE 1,"2xCOA,4xDTL,6xPG4",No Significant Motion,2pfl,AB,1h16,AA,,,,,,,,
#BA?V!,POLY(ADP-RIBOSE) POLYMERASE,BZC,No Significant Motion,2paw,A,1efy,A,,,,,,,,
#BA?V!,UNCHARACTERIZED PROTEIN AT2G37210/T2N18.3,MG,No Significant Motion,2q4o,AB,2a33,AB,,,,,,,,
#BA?V!,GLUCOAMYLASE,ACR,No Significant Motion,1lf6,B,1lf9,A,,,,,,,,
#BA?V!,COPPER TRANSPORT PROTEIN ATOX1,SUC,No Significant Motion,1fe4,AB,1fee,AB,,,,,,,,
#BA?V!,CURA,ACO,No Significant Motion,2ree,B,2ref,A,,,,,,,,
#BA?V!,UROPORPHYRINOGEN DECARBOXYLASE,2xCP3,No Significant Motion,2q6z,AA,2q71,AA,,,,,,,,
#BA?V!,HYPOTHETICAL PROTEIN AQ_1549,2xDTT,No Significant Motion,2egt,AA,2e8e,AA,,,,,,,,
#BA?V!,"CELLULOSE 1,4-BETA-CELLOBIOSIDASE","2xCA,CTT",No Significant Motion,1ut9,A,1rq5,A,,,,,,,,
#BA?V!,65 KDA VIRULENCE PROTEIN,NAD,No Significant Motion,2gwm,A,2gwl,A,,,,,,,,
#BA?V!,HOMER 2B,PHE,No Significant Motion,1i7a,C,1i7a,D,,,,,,,,
#BA?V!,GREEN FLUORESCENT PROTEIN,2xMG,No Significant Motion,1qyo,A,1jbz,A,,,,,,,,
#BA?V!,OUTER MEMBRANE PROTEIN W,"C8E,LDA",No Significant Motion,2f1v,B,2f1t,C,,,,,,,,
#BA?V!,HYPOTHETICAL PROTEIN PH0236,2xCA,No Significant Motion,2bkn,AA,2bko,AA,,,,,,,,
#BA?V!,DEXTRANASE,"BGC,GLC",No Significant Motion,1ogm,X,1ogo,X,,,,,,,,
#BA?V!,OUTER SURFACE PROTEIN C,ZN,No Significant Motion,1f1m,AB,1f1m,CD,,,,,,,,
#BA?V!,BIPHENYL DIOXYGENASE FERREDOXIN SUBUNIT,TRE,No Significant Motion,2e4p,B,2e4p,A,,,,,,,,
#BA?V!,PHOSPHATASE,VA3,No Significant Motion,1ebb,A,1h2f,A,,,,,,,,
#BA?V!,F17-AG LECTIN,NAG,No Significant Motion,1o9z,A,1o9w,A,,,,,,,,
#BA?V!,14.3.D T CELL RECEPTOR BETA CHAIN,ZN,No Significant Motion,1l0x,A,1l0y,C,,,,,,,,
#BA?V!,3-METHYLADENINE DNA-GLYCOSYLASE,MBO,No Significant Motion,2jhj,A,2jhn,B,,,,,,,,
#BA?V!,THYMIDYLATE KINASE,3xTMP,No Significant Motion,2cck,AB,2ccj,AB,,,,,,,,
#BA?V!,TRNA DELTA(2)-ISOPENTENYLPYROPHOSPHATE TRANSFERASE,DPO,No Significant Motion,3crm,A,3crq,A,,,,,,,,
#BA?V!,PECTATE LYASE C,"4xADA,CA",No Significant Motion,1plu,A,2ewe,A,,,,,,,,
#BA?V!,UNCHARACTERIZED PROTEIN MJ1062,PG6,No Significant Motion,3eo4,CD,3eo4,AB,,,,,,,,
#BA?V!,GLYCOGENIN-1,"2xMN,2xUPG",No Significant Motion,1ll3,AA,1ll2,AA,,,,,,,,
#BA?V!,DESIGNED PROTEIN CTPR2,IPT,No Significant Motion,1na3,A,1na3,B,,,,,,,,
#BA?V!,PHENYLALANINE-4-HYDROXYLASE,"FE,HBI",No Significant Motion,1ltu,A,1ltz,A,,,,,,,,
#BA?V!,PLATELET-ACTIVATING FACTOR ACETYLHYDROLASE,DEP,No Significant Motion,3d59,B,3d5e,B,,,,,,,,
#BA?V!,HDLP (HISTONE DEACETYLASE-LIKE PROTEIN),"TSN,ZN",No Significant Motion,1c3p,A,1c3r,B,,,,,,,,
#BA?V!,BETA-N-ACETYLHEXOSAMINIDASE,CBS,No Significant Motion,1qba,A,1c7s,A,,,,,,,,
#BA?V!,ALDOSE 1-EPIMERASE,2xGLC,No Significant Motion,1l7j,AB,1mmu,AB,,,,,,,,
#BA?V!,APOLIPOPROTEIN D,STR,No Significant Motion,2hzr,A,2hzq,A,,,,,,,,
#BA?V!,PROPIONATE KINASE,2xB4P,No Significant Motion,2e1y,AA,2.00E+20,AA,,,,,,,,
#BA?V!,DYSTROPHIN,PEPT(NMTPYRSPPPYVP),No Significant Motion,1eg3,A,1eg4,A,,,,,,,,
#BA?V!,UNDECAPRENYL PYROPHOSPHATE SYNTHASE,DPO,No Significant Motion,2d2r,AB,2dtn,AB,,,,,,,,
#BA?V!,BIRA BIFUNCTIONAL PROTEIN,BTN,No Significant Motion,1bia,A,1bib,A,,,,,,,,
#BA?V!,CD44 ANTIGEN,"2xBDP,3xNAG",No Significant Motion,2jcp,A,2jcr,A,,,,,,,,
#BA?V!,GLUTAMATE RACEMASE,2xDGN,No Significant Motion,1b73,AA,1b74,AA,,,,,,,,
#BA?V!,UROPORPHYRIN-III C-METHYLTRANSFERASE,"2xFLC,2xSAH",No Significant Motion,1va0,AB,1v9a,AB,,,,,,,,
#BA?V!,UNSATURATED GLUCURONYL HYDROLASE,"GAD,NDG",No Significant Motion,2fv0,B,2fv1,B,,,,,,,,
#BA?V!,MODIFICATION METHYLASE RSRI,SAM,No Significant Motion,1nw8,A,1nw5,A,,,,,,,,
#BA?V!,ALKANE MONOXYGENASE,2xFMN,No Significant Motion,3b9n,AB,3b9o,AB,,,,,,,,
#BA?V!,DIPHTHERIA TOXIN,2xAPU,No Significant Motion,1sgk,AA,1ddt,AA,,,,,,,,
#BA?V!,SUGAR-BINDING TRANSPORT ATP-BINDING PROTEIN,2xATP,No Significant Motion,1v43,AA,1vci,AA,,,,,,,,
#BA?V!,MANNOSE RECEPTOR,SGA,No Significant Motion,1dqg,A,1fwu,A,,,,,,,,
#BA?V!,HOMOSERINE O-SUCCINYLTRANSFERASE,2xHSE,No Significant Motion,2ghr,AA,2vdj,AA,,,,,,,,
#BA?V!,FEMX,2xMG,No Significant Motion,1xix,A,1ne9,A,,,,,,,,
#BA?V!,ESSENTIAL FOR MITOTIC GROWTH 1,SAM,No Significant Motion,2v3j,A,2v3k,A,,,,,,,,
#BA?V!,MOLYBDENUM TRANSPORT PROTEIN MODE,NI,No Significant Motion,1h9s,AB,1h9r,AB,,,,,,,,
#BA?V!,"5,10-METHYLENETETRAHYDROFOLATE DEHYDROGENASE",2xNAD,No Significant Motion,1edz,AA,1ee9,AA,,,,,,,,
#BA?V!,EXOSOME COMPLEX EXONUCLEASE RRP6,"U,ZN",No Significant Motion,2hbj,A,2hbm,A,,,,,,,,
#BA?V!,"BETA-1,3-N-ACETYLGLUCOSAMINYLTRANSFERASE MANIC FRINGE","MN,UDP",No Significant Motion,2j0a,A,2j0b,A,,,,,,,,
#BA?V!,CELLVIBRIO JAPONICUS MANNANASE CJMAN26C,MAB,No Significant Motion,2vx4,A,2vx7,A,,,,,,,,
#BA?V!,EPOXIDE HYDROLASE,PG4,No Significant Motion,3cxu,B,2cjp,A,,,,,,,,
#BA?V!,CYTOSOLIC 5'-NUCLEOTIDASE III,"MG,PIN",No Significant Motion,2g0a,B,2g09,A,,,,,,,,
#BA?V!,PUTATIVE EXOTOXIN (SUPERANTIGEN),2xZN,No Significant Motion,1ty0,AB,1ty2,AB,,,,,,,,
#BA?V!,ENDOGLUCANASE A,5xGLC,No Significant Motion,1cem,A,1kwf,A,,,,,,,,
#BA?V!,GLUTAMATE RACEMASE,2xFLC,No Significant Motion,2jfu,AA,2jfv,AA,,,,,,,,
#BA?V!,HYPOTHETICAL PROTEIN APE0525,TLA,No Significant Motion,1zs7,A,2cx1,A,,,,,,,,
#BA?V!,METALLOPROTEINASE,PEPT(ENW),No Significant Motion,1kuf,A,1kug,A,,,,,,,,
#BA?V!,DNA-3-METHYLADENINE GLYCOSYLASE II,7HP,No Significant Motion,1mpg,B,1pvs,A,,,,,,,,
#BA?V!,FKBP-TYPE PEPTIDYL-PROLYL CIS-TRANS ISOMERASE FKPA,2xFK5,No Significant Motion,1q6h,AB,1q6i,AB,,,,,,,,
#BA?V!,MUTT/NUDIX FAMILY PROTEIN,"6xMG,2xRBY",No Significant Motion,2yvn,AA,2yvp,AA,,,,,,,,
#BA?V!,RHO GTPASE-ACTIVATING PROTEIN 9,I3S,No Significant Motion,2p0f,A,2p0h,A,,,,,,,,
#BA?V!,ECTONUCLEOSIDE TRIPHOSPHATE DIPHOSPHOHYDROLASE 2,ANP,No Significant Motion,3cj1,A,3cja,A,,,,,,,,
#BA?V!,"BETA-1,4-MANNANASE",3xBMA,No Significant Motion,2bvy,A,2bvt,B,,,,,,,,
#BA?V!,FENGYCIN SYNTHETASE,PMS,No Significant Motion,2cb9,A,2cbg,A,,,,,,,,
#BA?V!,DYNACTIN-1,PEPT(EEY),No Significant Motion,2hkn,AB,2hl3,AB,,,,,,,,
#BA?V!,PROBABLE POLYSACCHARIDE DEACETYLASE PDAA,NDG,No Significant Motion,1w17,A,1w1a,1,,,,,,,,
#BA?V!,FERROCHELATASE,CO,No Significant Motion,1lbq,AB,1l8x,AB,,,,,,,,
#BA?V!,SHIKIMATE 5-DEHYDROGENASE,"NAP,2xSKM",No Significant Motion,1wxd,AB,2ev9,AB,,,,,,,,
#BA?V!,BH0236 PROTEIN,"2xBGC,GLC",No Significant Motion,1w9s,B,1w9w,A,,,,,,,,
#BA?V!,LYSOZYME,BUL,No Significant Motion,153l,A,1lsp,A,,,,,,,,
#BA?V!,MICRONEMAL PROTEIN 1,SIA,No Significant Motion,2jh1,A,2jh7,A,,,,,,,,
#BA?V!,ACYL TRANSFERASE,MLC,No Significant Motion,2e1u,A,2e1t,B,,,,,,,,
#BA?V!,UVRABC SYSTEM PROTEIN C,MN,No Significant Motion,1yd3,A,1yd4,A,,,,,,,,
#BA?V!,PREPROTEIN TRANSLOCASE SECA SUBUNIT,ADP,No Significant Motion,1tf5,A,1tf2,A,,,,,,,,
#BA?V!,HEXOSE-6-PHOSPHATE MUTAROTASE,BG6,No Significant Motion,2ciq,A,2cir,A,,,,,,,,
#BA?V!,6-PHOSPHOGLUCONATE DEHYDROGENASE,"2xNBP,2xPOP",No Significant Motion,2pgd,AA,1pgn,AA,,,,,,,,
#BA?V!,SULFIREDOXIN-1,ATP,No Significant Motion,1xw3,A,3cyi,A,,,,,,,,
#BA?V!,MORPHOGENESIS PROTEIN 1,2xNAG,No Significant Motion,3csr,A,3ct5,A,,,,,,,,
#BA?V!,EXTRACELLULAR ENDONUCLEASE,MG,No Significant Motion,1smn,AB,1g8t,AB,,,,,,,,
#BA?V!,RICIN,2xFMC,No Significant Motion,1obs,AA,1ifu,AA,,,,,,,,
#BA?V!,AMINOMETHYLTRANSFERASE,2xFFO,No Significant Motion,1wos,A,1wop,A,,,,,,,,
#BA?V!,HYPOTHETICAL PROTEIN CGL3021,ZN,No Significant Motion,2nsg,A,2nsf,A,,,,,,,,
#BA?V!,CARBOXYLESTERASE,2xPMS,No Significant Motion,1auo,AB,1aur,AB,,,,,,,,
#BA?V!,POLYCOMB PROTEIN SCM,PEPT(RKS),No Significant Motion,2r57,A,2r5m,A,,,,,,,,
#BA?V!,AGGLUTININ,"2xA2G,2xGAL",No Significant Motion,1jly,AB,1jlx,AB,,,,,,,,
#BA?V!,PHOSPHATIDYLINOSITOL PHOSPHATE PHOSPHATASE,"2IP,CA",No Significant Motion,1i9y,A,1i9z,A,,,,,,,,
#BA?V!,AMYLOID BETA A4 PROTEIN PRECURSOR,CU,No Significant Motion,2fma,A,2fk1,A,,,,,,,,
#BA?V!,"GLYCOSYL TRANSFERASE, GROUP 1",SUP,No Significant Motion,2r60,A,2r68,A,,,,,,,,
#BA?V!,COB(I)ALAMIN ADENOSYLTRANSFERASE,"2xATP,2xMG",No Significant Motion,1g5r,AA,1g5t,AA,,,,,,,,
#BA?V!,BETA-ARRESTIN 1,"IHP,MG",No Significant Motion,1jsy,A,1zsh,A,,,,,,,,
#BA?V!,CARBOXYLESTERASE NP,PGE,No Significant Motion,2r11,AB,2r11,CD,,,,,,,,
#BA?V!,ENDONUCLEASE I,MG,No Significant Motion,2g7e,A,2g7f,A,,,,,,,,
#BA?V!,"ATP-DEPENDENT RNA HELICASE, PUTATIVE",2xMN,No Significant Motion,1j23,AA,1j25,AA,,,,,,,,
#BA?V!,DIMERIC DIHYDRODIOL DEHYDROGENASE,2xAC6,No Significant Motion,2o4u,XX,2o48,XX,,,,,,,,
#BA?V!,PEROXIREDOXIN-5,2xBEZ,No Significant Motion,2vl3,BC,2vl2,BC,,,,,,,,
#BA?V!,LEVANSUCRASE,"CA,RAF",No Significant Motion,3byl,A,3byn,A,,,,,,,,
#BA?V!,PYRROLINE-5-CARBOXYLATE REDUCTASE,2xNAP,No Significant Motion,1yqg,AA,2ag8,AA,,,,,,,,
#BA?V!,PHOSPHORIBOSYL PYROPHOSPHATE SYNTHETASE- ASSOCIATED PROTEIN 1,TAM,No Significant Motion,2c4k,D,2c4k,B,,,,,,,,
#BA?V!,GTP-BINDING PROTEIN,GDP,No Significant Motion,2qtf,A,2qth,A,,,,,,,,
#BA?V!,PUTATIVE FRUCTOSE-AMINOACID-6-PHOSPHATE DEGLYCASE,FLC,No Significant Motion,3eua,AB,3eua,GH,,,,,,,,
#BA?V!,CLATHRIN ASSEMBLY PROTEIN SHORT FORM,IP2,No Significant Motion,1hf8,A,1hg2,A,,,,,,,,
#BA?V!,THIOL:DISULFIDE INTERCHANGE PROTEIN DSBA-LIKE,PGE,No Significant Motion,3c7m,B,3c7m,A,,,,,,,,
#BA?V!,UNCHARACTERIZED PROTEIN,PG4,No Significant Motion,2q22,C,2q22,B,,,,,,,,
#BA?V!,PHOSPHOLIPASE A2,MAN,No Significant Motion,1g0z,AB,1u4j,AB,,,,,,,,
#BA?V!,E80-TELSAM DOMAIN,MN,No Significant Motion,2qb0,A,2qb0,C,,,,,,,,
#BA?V!,ODORANT BINDING PROTEIN,2xSES,Other Motion,1obp,AB,1pbo,AB,,,,,,,,
#BA?V!,INTEGRIN ALPHA-M,MG,Other Motion,1na5,A,1ido,A,,,,,,,,
#BA?V!,TRP OPERON REPRESSOR,2xTRP,Other Motion,3wrp,AA,2oz9,RR,,,,,,,,
#BA?V!,MITE ALLERGEN DER F II,XPE,Other Motion,2f08,D,1xwv,B,,,,,,,,
#BA?V!,TRYPTOPHANYL-TRNA SYNTHETASE,"TRP,TYM",Other Motion,2quk,AA,2quj,AB,,,,,,,,
#BA?V!,REPLICASE POLYPROTEIN 1AB,APR,Other Motion,2acf,B,2fav,B,,,,,,,,
#BA?V!,NITROREDUCTASE-LIKE FAMILY PROTEIN,2xFMN,Other Motion,2i7h,EF,2i7h,AB,,,,,,,,
#BA?V!,SUPEROXIDE DISMUTASE,"2xCU,2xZN",Other Motion,1ozt,MN,1spd,AB,,,,,,,,
#BA?V!,HISTIDINOL-PHOSPHATE AMINOTRANSFERASE,2xPMP,Other Motion,1uu0,CD,1uu2,AB,,,,,,,,
#BA?V!,BETA-CRYPTOGEIN,CLR,Other Motion,1beo,A,1lri,A,,,,,,,,
#BA?V!,SUBTILISIN NOVO,2xCA,Other Motion,2sbt,A,1ubn,A,,,,,,,,
#BA?V!,BETA-GLUCOSIDASE,4xNTZ,Other Motion,1hxj,AB,1v08,AB,,,,,,,,
#BA?V!,T-CELL ECTO-ADP-RIBOSYLTRANSFERASE 2,BRT,Other Motion,1gy0,A,1gxz,B,,,,,,,,
#BA?V!,CARBONIC ANHYDRASE II,ZN,Other Motion,1fqn,A,1xev,B,,,,,,,,
#BA?V!,SODIUM/CALCIUM EXCHANGER 1,CA,Other Motion,2qvk,A,2qvm,A,,,,,,,,
#BA?V!,GLUCOSE-6-PHOSPHATE ISOMERASE,2xPA5,Other Motion,1x8e,AB,1x82,AA,,,,,,,,
#BA?V!,CHORISMATE MUTASE,2xMLT,Other Motion,2qbv,AA,2vkl,AA,,,,,,,,
#BA?V!,ACYLAMINO-ACID-RELEASING ENZYME,4NP,Other Motion,2qzp,B,1ve7,A,,,,,,,,
#BA?V!,LIPOATE-PROTEIN LIGASE A,"AMP,LPA,MG",Other Motion,2c7i,A,2art,A,,,,,,,,
#BA?V!,DRP35,2xCA,Other Motion,2dg0,L,2dso,A,,,,,,,,
#BA?V!,HYPOTHETICAL PROTEIN VIOE,4xPPY,Other Motion,2zf3,CD,2zf4,AB,,,,,,,,
#BA?V!,EGF-LIKE MODULE CONTAINING MUCIN-LIKE HORMONE RECEPTOR-LIKE 2 PRECURSOR,2xCA,Other Motion,2box,A,2bo2,B,,,,,,,,
#BA?V!,RIBONUCLEOTIDE REDUCTASE R2,4xFE,Other Motion,2av8,AB,1pfr,AB,,,,,,,,
#BA?V!,GLUCOSE PHOSPHATE ISOMERASE,2xPA5,Other Motion,1jiq,AB,1nuh,AA,,,,,,,,
#BA?V!,PSORIASIN,"2xCA,ZN",Other Motion,1psr,AB,3psr,AB,,,,,,,,
#BA?V!,GLUTAMATE [NMDA] RECEPTOR SUBUNIT 3B,DSN,Other Motion,2rca,B,2rcb,A,,,,,,,,
#BA?V!,METHYLTHIORIBOSE-1-PHOSPHATE ISOMERASE,2xMRU,Other Motion,2yrf,AB,2yvk,AB,,,,,,,,
#BA?V!,"2-HYDROXY-6-OXO-7-METHYLOCTA-2,4-DIENOATE HYDROLASE",2xIVA,Other Motion,1iun,AB,1uk9,AA,,,,,,,,
#BA?V!,PRECORRIN-8X METHYLMUTASE,2xCOJ,Other Motion,1f2v,AA,1i1h,AA,,,,,,,,
#BA?V!,OHCU DECARBOXYLASE,2xGUN,Other Motion,2o70,CD,2o74,AB,,,,,,,,
#BA?V!,CATION EFFLUX SYSTEM PROTEIN CUSF,CU,Other Motion,2vb3,X,2vb2,X,,,,,,,,
#BA?V!,AMINE OXIDASE,4xCU,Other Motion,1avk,AA,1ui7,AB,,,,,,,,
#BA?V!,SIALIDASE B,DAN,Other Motion,2vw0,A,2vw1,A,,,,,,,,
#BA?V!,SERINE HYDROLASE,HDS,Other Motion,1evq,A,1qz3,A,,,,,,,,
#BA?V!,URIDINE 5'-MONOPHOSPHATE SYNTHASE,2xBMP,Other Motion,2eaw,AB,3bgg,AA,,,,,,,,
#BA?V!,NON-SPECIFIC LIPID TRANSFER PROTEIN,DAO,Other Motion,1mzl,A,1fk1,A,,,,,,,,
#BA?V!,MALONAMIDASE E2,2xMLA,Other Motion,1o9n,AB,1ocl,AB,,,,,,,,
#BA?V!,CHALCONE--FLAVONONE ISOMERASE 1,DFV,Other Motion,1jx1,A,1jx1,C,,,,,,,,
#BA?V!,SEP-TRNA:CYS-TRNA SYNTHASE,2xPLP,Other Motion,2e7i,BB,2e7j,AB,,,,,,,,
#BA?V!,PYRIDOXAL PHOSPHATE PHOSPHATASE,"2xCA,2xPLP",Other Motion,2oyc,AA,2p69,AA,,,,,,,,
#BA?V!,"2,3-DIHYDROXYBENZOATE-AMP LIGASE","AMP,DBH",Other Motion,1mdf,A,1md9,A,,,,,,,,
#BA?V!,ARYLAMINE N-ACETYLTRANSFERASE,2xISZ,Other Motion,1w5r,AB,1w6f,AB,,,,,,,,
#BA?V!,SERYL-TRNA SYNTHETASE,2xSSA,Other Motion,2zr3,AB,2dq0,AB,,,,,,,,
#BA?V!,PHOSPHATIDYLETHANOLAMINE-BINDING PROTEIN 1,OPE,Other Motion,2iqy,A,2iqx,C,,,,,,,,
#BA?V!,SUPEROXIDE DISMUTASE [FE],2xFE,Other Motion,2bkb,CD,1za5,AB,,,,,,,,
#BA?V!,YM1 SECRETORY PROTEIN,GCS,Other Motion,1vf8,A,1e9l,A,,,,,,,,
#BA?V!,RUBREDOXIN,FE,Other Motion,1fhm,A,1t9p,A,,,,,,,,
#BA?V!,RIBOSE-5-PHOSPHATE ISOMERASE B,2xA6P,Other Motion,1usl,AB,2vvo,CD,,,,,,,,
#BA?V!,"CARNITINE O-PALMITOYLTRANSFERASE II, MITOCHONDRIAL",BUI,Other Motion,2fyo,A,2fw3,A,,,,,,,,
#BA?V!,STRICTOSIDINE SYNTHASE,TAR,Other Motion,2fp8,B,2fp9,A,,,,,,,,
#BA?V!,RIBOFLAVIN BIOSYNTHESIS PROTEIN RIBD,RP5,Other Motion,2g6v,AB,2obc,AB,,,,,,,,
#BA?V!,P-AMINOBENZOATE N-OXYGENASE,4NB,Other Motion,3chi,AB,3cht,AB,,,,,,,,
#BA?V!,3-OXOACYL-[ACYL-CARRIER-PROTEIN] SYNTHASE I,2xOCA,Other Motion,2byw,CD,2bui,AB,,,,,,,,
#BA?V!,CALCIUM-GATED POTASSIUM CHANNEL MTHK,2xCA,Other Motion,2aej,AB,2aef,AB,,,,,,,,
#BA?V!,P2 PROTEIN,MN,Other Motion,1wac,A,1hhs,B,,,,,,,,
#BA?V!,TROPONIN C,2xCA,Other Motion,1ncz,A,5tnc,A,,,,,,,,
#BA?V!,CARBOXYPEPTIDASE A,ZN,Other Motion,1arl,A,1cpx,A,,,,,,,,
#BA?V!,SH3 AND MULTIPLE ANKYRIN REPEAT DOMAINS 3,ZN,Other Motion,2f3n,A,2f44,B,,,,,,,,
#BA?V!,INDOLE-3-GLYCEROL PHOSPHATE SYNTHASE,137,Other Motion,1juk,A,1lbl,A,,,,,,,,
#BA?V!,10-FORMYLTETRAHYDROFOLATE DEHYDROGENASE,ZZZ,Other Motion,2bw0,A,2cfi,A,,,,,,,,
#BA?V!,PROBABLE 2-PHOSPHOSULFOLACTATE PHOSPHATASE,2xDMR,Other Motion,2yyv,AB,2yzo,AB,,,,,,,,
#BA?V!,"L,D-TRANSPEPTIDASE",ZN,Other Motion,2hkl,B,1zat,A,,,,,,,,
#BA?V!,TRYPTOPHAN HALOGENASE,"ADN,FAD,2xTRP",Other Motion,2oam,AB,2oa1,AB,,,,,,,,
#BA?V!,3-METHYLASPARTATE AMMONIA-LYASE,"2x3MD,2xMG",Other Motion,1kko,AB,1kkr,AB,,,,,,,,
#BA?V!,34 KDA MEMBRANE ANTIGEN,3xZN,Other Motion,2o6f,AB,2o6e,AB,,,,,,,,
#BA?V!,CATECHOL OXIDASE,"2xCU,URS",Other Motion,1bt2,B,1bug,A,,,,,,,,
#BA?V!,RUBRERYTHRIN,"4xFE,2xZN",Other Motion,1lkp,AA,1dvb,AA,,,,,,,,
#BA?V!,ASTACIN,CU,Other Motion,1iad,A,1iaa,A,,,,,,,,
#BA?V!,GLYCEROPHOSPHORYL DIESTER PHOSPHODIESTERASE,ZN,Other Motion,2p76,D,2oog,F,,,,,,,,
#BA?V!,JMJC DOMAIN-CONTAINING HISTONE DEMETHYLATION PROTEIN 1A,AKG,Other Motion,2yu2,A,2yu1,A,,,,,,,,
#BA?V!,COCAINE ESTERASE,BEZ,Other Motion,1l7r,A,1ju4,A,,,,,,,,
#BA?V!,EXO-BETA-D-GLUCOSAMINIDASE,GCS,Other Motion,2vzo,B,2vzs,A,,,,,,,,
#BA?V!,DESULFOREDOXIN,2xFE,Other Motion,1dcd,AB,1dxg,AB,,,,,,,,
#BA?V!,EPOXIDE HYDROLASE EPHB,BSU,Other Motion,2e3j,A,2zjf,A,,,,,,,,
#BA?V!,D7R4 PROTEIN,LNR,Other Motion,2qev,A,2qeo,B,,,,,,,,
#BA?V!,SHORT-CHAIN Z-ISOPRENYL DIPHOSPHATE SYNTHETASE,2xGPP,Other Motion,2vfw,AB,2vg0,AB,,,,,,,,
#BA?V!,BETA-HYDROXYDECANOYL THIOL ESTER DEHYDRASE,2xDAC,Other Motion,1mkb,AB,1mka,AB,,,,,,,,
#BA?V!,GLYOXALASE I,2xNI,Other Motion,1fa8,AB,1f9z,AB,,,,,,,,
#BA?V!,HYDROXYNITRILE LYASE,2xHIS,Other Motion,3c6y,AA,1yas,AA,,,,,,,,
#BA?V!,ERMC' RRNA METHYLTRANSFERASE,SFG,Other Motion,1qam,A,1qaq,A,,,,,,,,
#BA?V!,LIPASE A,PG4,Other Motion,2veo,B,2veo,A,,,,,,,,
#BA?V!,BICARBONATE TRANSPORTER,CA,Other Motion,2i49,A,2i4c,A,,,,,,,,
#BA?V!,PKS18,2xMYR,Other Motion,1tee,CD,1ted,CD,,,,,,,,
#BA?V!,ISOPENTENYL-DIPHOSPHATE DELTA-ISOMERASE,MG,Other Motion,1hzt,A,1r67,A,,,,,,,,
#BA?V!,ALDOSE 1-EPIMERASE,GAL,Other Motion,1snz,B,1so0,A,,,,,,,,
#BA?V!,HYPOTHETICAL PROTEIN SLR1257,2xGLU,Other Motion,1iiw,AA,1ii5,AA,,,,,,,,
#BA?V!,METHIONINE AMINOPEPTIDASE 1,2xCO,Other Motion,2b3l,A,2b3h,A,,,,,,,,
#BA?V!,PHENYLALANINE-4-HYDROXYLASE,2xFE,Other Motion,2v28,AB,2v27,AB,,,,,,,,
#BA?V!,ESTERASE,2xDEP,Other Motion,1esc,AA,1ese,AA,,,,,,,,
#BA?V!,ADP-RIBOSYLGLYCOHYDROLASE,2xMG,Other Motion,2cwc,A,2yzv,A,,,,,,,,
#BA?V!,NUCLEOSIDE 2-DEOXYRIBOSYLTRANSFERASE,2x12M,Other Motion,2a0k,AB,2f62,AB,,,,,,,,
#BA?V!,XAA-PRO DIPEPTIDASE,4xMN,Other Motion,2iw2,AB,2okn,AB,,,,,,,,
#BA?V!,180AA LONG HYPOTHETICAL PYRAZINAMIDASE/NICOTINAMIDASE,ZN,Other Motion,1ilw,A,1im5,A,,,,,,,,
#BA?V!,RIBOSOME BIOGENESIS PROTEIN NEP1-LIKE,2xSFG,Other Motion,3bbe,AB,3bbh,AB,,,,,,,,
#BA?V!,NICOTINATE-NUCLEOTIDE--DIMETHYLBENZIMIDAZOLE PHOSPHORIBOSYLTRANSFERASE,"2x7RP,2xNIO",Other Motion,1l5n,AA,1l5l,AA,,,,,,,,
#BA?V!,ESTERASE YBFF,MLA,Other Motion,3bf7,A,3bf8,B,,,,,,,,
#BA?V!,"GLUCOSE-6-PHOSPHATE ISOMERASE, CONJECTURAL",2xPA5,Other Motion,1tzb,AB,1tzc,AB,,,,,,,,
#BA?V!,DIHYDROXYACETONE KINASE,2xG3H,Other Motion,1oi2,AB,1uod,AB,,,,,,,,
#BA?V!,325AA LONG HYPOTHETICAL PROTEIN,2xF1P,Other Motion,02-Dec,AB,2df8,AB,,,,,,,,
#BA?V!,LIPOCALIN,HSM,Other Motion,3bu9,A,3bu1,A,,,,,,,,
#BA?V!,AECTYLCITRULLINE DEACETYLASE,2xCO,Other Motion,2f8h,AA,2f7v,AA,,,,,,,,
#BA?V!,LIPOYLTRANSFERASE,OC9,Other Motion,2qht,A,2qhv,A,,,,,,,,
#BA?V!,RIBOSE 5-PHOSPHATE ISOMERASE,2x5RP,Other Motion,1uj4,AA,1uj5,AA,,,,,,,,
